Workbook
Name ______DAT10: #REF!
Name ______DAT11: #REF!
Name ______DAT12: #REF!
Name ______DAT13: #REF!
Name ______DAT14: #REF!
Name ______DAT15: #REF!
Name ______DAT16: #REF!
Name ______DAT17: #REF!
Name ______DAT18: #REF!
Name ______DAT19: #REF!
Name ______DAT2: #REF!
Name ______DAT20: #REF!
Name ______DAT21: #REF!
Name ______DAT22: #REF!
Name ______DAT23: #REF!
Name ______DAT24: #REF!
Name ______DAT25: #REF!
Name ______DAT26: #REF!
Name ______DAT3: #REF!
Name ______DAT5: #REF!
Name ____DAT10: #REF!
Name ____DAT11: #REF!
Name ____DAT12: #REF!
Name ____DAT13: #REF!
Name ____DAT14: #REF!
Name ____DAT15: #REF!
Name ____DAT16: #REF!
Name ____DAT17: #REF!
Name ____DAT18: #REF!
Name ____DAT19: #REF!
Name ____DAT2: #REF!
Name ____DAT20: #REF!
Name ____DAT21: #REF!
Name ____DAT22: #REF!
Name ____DAT23: #REF!
Name ____DAT24: #REF!
Name ____DAT25: #REF!
Name ____DAT26: #REF!
Name ____DAT3: #REF!
Name ____DAT5: #REF!
Name ___DAT10: #REF!
Name ___DAT11: #REF!
Name ___DAT12: #REF!
Name ___DAT13: #REF!
Name ___DAT14: #REF!
Name ___DAT15: #REF!
Name ___DAT16: #REF!
Name ___DAT17: #REF!
Name ___DAT18: #REF!
Name ___DAT19: #REF!
Name ___DAT2: #REF!
Name ___DAT20: #REF!
Name ___DAT21: #REF!
Name ___DAT22: #REF!
Name ___DAT23: #REF!
Name ___DAT24: #REF!
Name ___DAT25: #REF!
Name ___DAT26: #REF!
Name ___DAT3: #REF!
Name ___DAT5: #REF!

Sheet INVOICE
B1: COMMERCIAL INVOICE | E1: SHEET NO; | F1: =C4 -> TY-260704K
A2: 1. Shipper/Exporter | C2: 8. No. & date of invoice
A3: TAE IL TRADING CO.,LTD
A4: 7F 715, DAERYUNG TECHNO TOWN 3 CHA | C4: TY-260704K | F4: 46207
A5: GASAN-DONG GEUMCHEON-GU,SEOUL,KOREA
A6: Tel : 02-858-0150 | C6: 9. No. & date of L/C
A7: Fax : 02-858-0152 | C7: T/T BASE
A8: 2. For Account & Risk of Messrs.
A9: # 0801381131 TAE IL VN COMPANY LIMITED
A10: #PHU TAI II HAMLET, AN THANH COMMUNE | C10: 10. L/ C issuing bank
A11: HAI PHONG CITY, VIET NAM
A12: TEL+84.02203.950.668 / 0975650029
A13: #phamthithuhoahpu@gmail.com (THU HOA)
A14: 3. Notify party
A16: SAME AS CONSIGNEE | C16: * FREIGHT PREPAID
C18: * CONSIGNED TO :
A19: 4. Port of loading | B19: 5. Final destination | C19: =A9 -> # 0801381131 TAE IL VN COMPANY LIMITED
C20: =A10 -> #PHU TAI II HAMLET, AN THANH COMMUNE
A21: INCHEON, KOREA | B21: HAIPHONG, VIETNAM | C21: =+A11 -> HAI PHONG CITY, VIET NAM
C22: =+A12 -> TEL+84.02203.950.668 / 0975650029
A23: 6. CARRIER | B23: 7. Sailing on or about
A24: DONGJIN CONTINENTAL / 0217W | B24: 46207 | C24: * WE CERTIFY THAT THERE IS NO WOOD
C25: PACKING MATERIAL IN THIS
C26: SHIPMENT
A27: 12. Marks and Numbers of PKGS | B27: 13. Description of goods | C27: 14. Quantity/unit | E27: 15.Unit-Price | F27: 16. Amount
E30: CIF HAIPHONG
B32: COUNTRY OF ORIGIN : KOREA
A34: STYLE NO | B34: DESCRIPTION | C34: QTY/YDS | E34: U/PRICE(USD) | F34: AMOUNT(USD) | N34: 원화단가 | O34: 환율 | P34: 1522.44
A35: BF6X27C51 | B35: 53" FOR THE FACE WOOL 98%, POLYURETHANE 2%(HS CODE: 6202.20.1000) | C35: 3950.44 | D35: MTS | E35: 1.5 | F35: =C35*E35 -> 5925.66 | G35: 겉감(국내분) | O35: =N35/$P$34 -> 0 | P35: =O35/$P$34 -> 0
B36: 44" LINING POLYESTER 100% | C36: 1409 | D36: MTS | E36: 1.04 | F36: =C36*E36 -> 1465.36 | G36: 비침방지(ASH:753M 국내분,140M 중국분,BR:446M 국내분, BR:70M 중국분 ) | N36: 1600 | O36: =N36/$P$34 -> 1.0509445
B37: 44" T/C LINING POLYESTER 100% | C37: 397 | D37: MTS | E37: 0.88 | F37: =C37*E37 -> 349.36 | G37: T/C(BK:220M, BR:132M 국내분, 45M 중국분, NA:77M 중국분) | N37: 1350 | O37: =N37/$P$34 -> 0.88673445
B38: E BAND 38MM | C38: 21 | D38: ROLL | E38: 0.39 | F38: =C38*E38 -> 8.19 | G38: 라이크라밴드(BK:19R 국내분, 2R 중국분, BR:4R 중국분) | N38: 600 | O38: =N38/$P$34 -> 0.3941042
B39: ZIPPER 9" | C39: 1835 | D39: EA | E39: 0.15 | F39: =C39*E39 -> 275.25 | G39: 에프론지퍼(BK:1020EA 국내분, 355EA 중국분,BR:610EA 국내분,205EA 중국분) | O39: =N39/$P$34 -> 0
B40: ZIPPER 10" | C40: 1735 | D40: EA | E40: 0.249 | F40: =C40*E40 -> 432.015 | G40: 혼솔지퍼(ASH:1090EA 국내분, 205EA 중국분, BR:645EA 국내분, 103EA 중국분) | N40: 380 | O40: =N40/$P$34 -> 0.24959933
A41: BF6X21C52 | B41: 52" FOR THE FACE POLYESTER 62%, RAYON 34%, POLYURETHANE 4%(HS CODE:6204.63.0000) | C41: 2226.35 | D41: MTS | E41: 1.5 | F41: =C41*E41 -> 3339.525 | G41: 겉감(국내분) | N41: 1400 | O41: =N41/$P$34 -> 0.91957647
B42: 44" T/C LINING POLYESTER 100% | C42: 600 | D42: MTS | E42: 0.88 | F42: =C42*E42 -> 528 | G42: T/C(IV:85M, BK:210M,ASH:252M 국내분,53M 중국분) | O42: =N42/$P$34 -> 0
B43: ZIPPER 9" | C43: 2645 | D43: EA | E43: 0.15 | F43: =C43*E43 -> 396.75 | G43: 에프론지퍼(BK:2240EA 국내분,255EA 중국분,IV:405EA 국내분) | N43: 240 | O43: =N43/$P$34 -> 0.15764168
A44: BF6X21C63 | B44: 58" FOR THE FACE COTTON 100%(HS CODE:6204.32.0000) | C44: 617.91 | D44: MTS | E44: 1.5 | F44: =C44*E44 -> 926.865 | G44: 겉감(국내분) | O44: =N44/$P$34 -> 0
B45: 44" LINING POLYESTER 100% | C45: 440 | D45: MTS | E45: 1.04 | F45: =C45*E45 -> 457.6 | G45: 비침방지(ASH:440M) | O45: =N45/$P$34 -> 0
B46: 44" T/C LINING POLYESTER 100% | C46: 110 | D46: MTS | E46: 0.886 | F46: =C46*E46 -> 97.46 | G46: T/C(ASH:91M 국내분,19M 중국분) | N46: 1350 | O46: =N46/$P$34 -> 0.88673445
B47: ZIPPER 9" | C47: 613 | D47: EA | E47: 0.15 | F47: =C47*E47 -> 91.95 | G47: 에프론지퍼(BK:510EA 국내분, 103EA 중국분) | O47: =N47/$P$34 -> 0
A48: BF6X21C62 | B48: 58 " FOR THE FACE COTTON 100%(HS CODE:6204.32.0000) | C48: 497.5 | D48: MTS | E48: 1.5 | F48: =C48*E48 -> 746.25 | G48: 겉감(국내분) | O48: =N48/$P$34 -> 0
B49: 44"LINING POLYESTER 100% | C49: 604 | D49: MTS | E49: 1.04 | F49: =C49*E49 -> 628.16 | G49: 비침방지(BR-국내분:302M, 중국분:302M) | O49: =N49/$P$34 -> 0
B50: 44" T/C LINING POLYESTER 100% | C50: 105 | D50: MTS | E50: 0.88 | F50: =C50*E50 -> 92.4 | G50: T/C(BR:76M 국내분,29M 중국분) | O50: =N50/$P$34 -> 0
B51: ZIPPER 9" | C51: 558 | D51: EA | E51: 0.15 | F51: =C51*E51 -> 83.7 | G51: 에프론지퍼(BR:405EA 국내분, 153EA 중국분) | O51: =N51/$P$34 -> 0
A52: BF6964C23 | B52: 44" FOR THE FACE COTTON 100%(HS CODE:6204.32.0000) | C52: 900 | D52: MTS | E52: 1.5 | F52: =C52*E52 -> 1350 | G52: 겉감(국내분) | O52: =N52/$P$34 -> 0
A53: BF6964C20 | B53: 45" FOR THE FACE WOOL 100%(HS CODE: 6204.51.0000) | C53: 2660 | D53: MTS | E53: 1.5 | F53: =C53*E53 -> 3990 | G53: 겉감(국내분) | O53: =N53/$P$34 -> 0
A54: BF6964C20 | B54: 45" FOR THE FACE WOOL 100%(HS CODE: 6204.51.0000) | C54: 1091 | D54: MTS | E54: 6.437 | F54: =C54*E54 -> 7022.767 | G54: 제니스(RE:615.25M 중국분, GE:475.75M 중국분) | N54: 9800 | O54: =N54/$P$34 -> 6.4370353
A55: BF6964C23 | B55: 45" FOR THE FACE WOOL 100%(HS CODE: 6204.51.0000) | C55: 992 | D55: MTS | E55: 6.437 | F55: =C55*E55 -> 6385.504 | G55: 제니스(ASH:450M 중국분, NA:542M 중국분) | N55: 9800 | O55: =N55/$P$34 -> 6.4370353
A56: BF6X21C62 | B56: 58 " FOR THE FACE COTTON 100%(HS CODE:6204.32.0000) | C56: 305.5 | D56: MTS | E56: 16.09 | F56: =C56*E56 -> 4915.495 | G56: 봅텍스(BR:175.75M 중국분, PH:129.75 중국분) | N56: 24500 | O56: =N56/$P$34 -> 16.092588
A57: BF6X27C51 | B57: 53" FOR THE FACE WOOL 98%, POLYURETHANE 2%(HS CODE: 6202.20.1000) | C57: 348 | D57: MTS | E57: 12.8 | F57: =C57*E57 -> 4454.4 | G57: 아즈텍(ASH:348 중국분) | N57: 19500 | O57: =N57/$P$34 -> 12.808387
A58: LB6YJPM192D | B58: 58" COMBINATION POLYESTER 100% | C58: 55 | D58: YD | E58: 0.07 | F58: =C58*E58 -> 3.85 | O58: =N58/$P$34 -> 0
B59: 44" COMBINATION POLYESTER 100% | C59: 37 | D59: YD | E59: 0.15 | F59: =C59*E59 -> 5.55 | O59: =N59/$P$34 -> 0
B60: THREAD 2500M | C60: 2 | D60: CORN | E60: =0.00012*2500 -> 0.3 | F60: =C60*E60 -> 0.6 | G60: 카라매칭 코아사(CC:1C,CA:1C) | O60: =N60/$P$34 -> 0
B61: METAL ZIPPER | C61: 299 | D61: EA | E61: 0.02 | F61: =C61*E61 -> 5.98 | G61: 금속지퍼(CA: 147, CC: 152) | O61: =N61/$P$34 -> 0
B62: MAIN LABEL | C62: 299 | D62: EA | E62: 0.01 | F62: =C62*E62 -> 2.99 | O62: =N62/$P$34 -> 0
B63: CARE LABEL | C63: 299 | D63: EA | E63: 0.005 | F63: =C63*E63 -> 1.495 | O63: =N63/$P$34 -> 0
B64: IMAGE TAG | C64: 299 | D64: EA | E64: 0.015 | F64: =C64*E64 -> 4.485 | O64: =N64/$P$34 -> 0
B65: TAG LOOP | C65: 299 | D65: EA | E65: 3e-05 | F65: =C65*E65 -> 0.00897 | O65: =N65/$P$34 -> 0
A66: VB6YJKM104Z | B66: MAIN LABEL | C66: 478 | D66: EA | E66: 0.01 | F66: =C66*E66 -> 4.78 | O66: =N66/$P$34 -> 0
B67: CARE LABEL | C67: 478 | D67: EA | E67: 0.005 | F67: =C67*E67 -> 2.39 | O67: =N67/$P$34 -> 0
B68: IMAGE TAG | C68: 478 | D68: EA | E68: 0.015 | F68: =C68*E68 -> 7.17 | O68: =N68/$P$34 -> 0
B69: TAG LOOP | C69: 478 | D69: EA | E69: 3e-05 | F69: =C69*E69 -> 0.01434 | O69: =N69/$P$34 -> 0
B70: IMAGE TAG 2 | C70: 478 | D70: EA | E70: 0.015 | F70: =C70*E70 -> 7.17 | G70: BLACK COLOR | O70: =N70/$P$34 -> 0
A71: LB6YSLM192Z | B71: MAIN LABEL | C71: 190 | D71: EA | E71: 0.01 | F71: =C71*E71 -> 1.9 | O71: =N71/$P$34 -> 0
B72: CARE LABEL | C72: 190 | D72: EA | E72: 0.005 | F72: =C72*E72 -> 0.95 | O72: =N72/$P$34 -> 0
B73: IMAGE TAG | C73: 190 | D73: EA | E73: 0.015 | F73: =C73*E73 -> 2.85 | O73: =N73/$P$34 -> 0
B74: TAG LOOP | C74: 190 | D74: EA | E74: 3e-05 | F74: =C74*E74 -> 0.0057 | O74: =N74/$P$34 -> 0
A75: LB6YJKM191Z | B75: MAIN LABEL | C75: 110 | D75: EA | E75: 0.01 | F75: =C75*E75 -> 1.1 | O75: =N75/$P$34 -> 0
B76: CARE LABEL | C76: 110 | D76: EA | E76: 0.005 | F76: =C76*E76 -> 0.55 | O76: =N76/$P$34 -> 0
B77: IMAGE TAG | C77: 110 | D77: EA | E77: 0.015 | F77: =C77*E77 -> 1.65 | O77: =N77/$P$34 -> 0
B78: TAG LOOP | C78: 110 | D78: EA | E78: 3e-05 | F78: =C78*E78 -> 0.0033 | O78: =N78/$P$34 -> 0
A79: MB6YSLM115Z | B79: 58" COMBINATION POLYESTER 100% | C79: 100 | D79: YD | E79: 0.07 | F79: =C79*E79 -> 7 | G79: DE:50Y, BR:50Y | O79: =N79/$P$34 -> 0
B80: MAIN LABEL | C80: 1966 | D80: EA | E80: 0.01 | F80: =C80*E80 -> 19.66 | O80: =N80/$P$34 -> 0
B81: CARE LABEL | C81: 3932 | D81: EA | E81: 0.005 | F81: =C81*E81 -> 19.66 | G81: 캐어라벨 수정되었는지/ 수정되었다면 폴리백과 같은 박스 T.I-177것을 사용할 것 | O81: =N81/$P$34 -> 0
B82: IMAGE TAG | C82: 1966 | D82: EA | E82: 0.015 | F82: =C82*E82 -> 29.49 | O82: =N82/$P$34 -> 0
B83: TAG LOOP | C83: 1966 | D83: EA | E83: 3e-05 | F83: =C83*E83 -> 0.05898 | O83: =N83/$P$34 -> 0
A84: VB6YJKM191Z | B84: MAIN LABEL | C84: 102 | D84: EA | E84: 0.01 | F84: =C84*E84 -> 1.02 | O84: =N84/$P$34 -> 0
B85: CARE LABEL | C85: 102 | D85: EA | E85: 0.005 | F85: =C85*E85 -> 0.51 | O85: =N85/$P$34 -> 0
B86: IMAGE TAG | C86: 102 | D86: EA | E86: 0.015 | F86: =C86*E86 -> 1.53 | O86: =N86/$P$34 -> 0
B87: TAG LOOP | C87: 102 | D87: EA | E87: 3e-05 | F87: =C87*E87 -> 0.00306 | O87: =N87/$P$34 -> 0
A88: LB6YSKM191Z | B88: MAIN LABEL | C88: 224 | D88: EA | E88: 0.01 | F88: =C88*E88 -> 2.24 | O88: =N88/$P$34 -> 0
B89: CARE LABEL | C89: 224 | D89: EA | E89: 0.005 | F89: =C89*E89 -> 1.12 | O89: =N89/$P$34 -> 0
B90: IMAGE TAG | C90: 224 | D90: EA | E90: 0.015 | F90: =C90*E90 -> 3.36 | O90: =N90/$P$34 -> 0
B91: TAG LOOP | C91: 224 | D91: EA | E91: 3e-05 | F91: =C91*E91 -> 0.00672 | O91: =N91/$P$34 -> 0
A92: MB6YSLM114Z | B92: 58" COMBINATION POLYESTER 100% | C92: 24 | D92: YD | E92: 0.17 | F92: =C92*E92 -> 4.08 | G92: DE:24Y | O92: =N92/$P$34 -> 0
B93: MAIN LABEL | C93: 1379 | D93: EA | E93: 0.01 | F93: =C93*E93 -> 13.79 | O93: =N93/$P$34 -> 0
B94: CARE LABEL | C94: 1379 | D94: EA | E94: 0.005 | F94: =C94*E94 -> 6.895 | O94: =N94/$P$34 -> 0
B95: IMAGE TAG | C95: 1379 | D95: EA | E95: 0.015 | F95: =C95*E95 -> 20.685 | O95: =N95/$P$34 -> 0
B96: TAG LOOP | C96: 1379 | D96: EA | E96: 3e-05 | F96: =C96*E96 -> 0.04137 | O96: =N96/$P$34 -> 0
B97: POLY BAG | C97: 1300 | D97: EA | E97: 0.001 | F97: =C97*E97 -> 1.3 | O97: =N97/$P$34 -> 0
A98: MB6YSLM113Z | B98: MAIN LABEL | C98: 2288 | D98: EA | E98: 0.01 | F98: =C98*E98 -> 22.88 | O98: =N98/$P$34 -> 0
B99: CARE LABEL | C99: 2288 | D99: EA | E99: 0.005 | F99: =C99*E99 -> 11.44 | O99: =N99/$P$34 -> 0
B100: IMAGE TAG | C100: 2288 | D100: EA | E100: 0.015 | F100: =C100*E100 -> 34.32 | O100: =N100/$P$34 -> 0
B101: TAG LOOP | C101: 2288 | D101: EA | E101: 3e-05 | F101: =C101*E101 -> 0.06864 | O101: =N101/$P$34 -> 0
A102: MB6YJKM112Z | B102: MAIN LABEL | C102: 584 | D102: EA | E102: 0.01 | F102: =C102*E102 -> 5.84 | O102: =N102/$P$34 -> 0
B103: CARE LABEL | C103: 584 | D103: EA | E103: 0.005 | F103: =C103*E103 -> 2.92 | O103: =N103/$P$34 -> 0
B104: IMAGE TAG | C104: 584 | D104: EA | E104: 0.015 | F104: =C104*E104 -> 8.76 | O104: =N104/$P$34 -> 0
B105: TAG LOOP | C105: 584 | D105: EA | E105: 3e-05 | F105: =C105*E105 -> 0.01752 | O105: =N105/$P$34 -> 0
B106: PAD 4MM | C106: 584 | D106: SET | E106: 0.1 | F106: =C106*E106 -> 58.4
...

Sheet Packing List
B1: PACKING LIST | F1: SHEET NO; | G1: =INVOICE!F1 -> TY-260704K
A2: 1. Shipper/Exporter | C2: 8. No. & date of invoice
A3: =INVOICE!A3 -> TAE IL TRADING CO.,LTD
A4: =INVOICE!A4 -> 7F 715, DAERYUNG TECHNO TOWN 3 CHA | C4: =INVOICE!C4 -> TY-260704K | G4: =INVOICE!F4 -> 46207
A5: =INVOICE!A5 -> GASAN-DONG GEUMCHEON-GU,SEOUL,KOREA
A6: =INVOICE!A6 -> Tel : 02-858-0150 | C6: 9.Remarks
A7: =INVOICE!A7 -> Fax : 02-858-0152
A8: 2. For Account & Risk of Messrs.
A9: # 0801381131 TAE IL VN COMPANY LIMITED
A10: #PHU TAI II HAMLET, AN THANH COMMUNE
A11: HAI PHONG CITY, VIET NAM
A12: TEL+84.02203.950.668 / 0975650029
A13: #phamthithuhoahpu@gmail.com (THU HOA)
A14: 3. Notify party | C14: * TOTAL N.NET WEIGHT | G14: KGS
C15: * TOTAL NET WEIGHT | F15: =D120 -> 5227.958 | G15: KGS
A16: SAME AS CONSIGNEE | C16: * TOTAL GROSS WEIGHT | F16: =D121 -> 5332.525 | G16: KGS
C17: * TOTAL MEASUREMENT | F17: =D122 -> 16 | G17: CBM
A19: 4. Port of loading | B19: 5. Final destination
A21: =INVOICE!A21:A21 -> INCHEON, KOREA | B21: HAIPHONG, VIETNAM
A23: 6. CARRIER | B23: 7. Sailing on or about
A24: =INVOICE!A24 -> DONGJIN CONTINENTAL / 0217W | B24: =INVOICE!B24 -> 46207
A27: 12. Marks and Numbers of PKGS | B27: 13. Description of goods | C27: 14. Quantity/unit | F27: 15.Unit-Price | G27: 16. Amount
F30: CIF HAIPHONG
M33: 0.064150943
A34: STYLE NO | B34: DESCRIPTION | C34: Q'TY/YDS | E34: N.W(KG) | F34: G.W(KG) | G34: No. & Kind Of Packages | J34: 단위무게 | K34: 포장번호
A35: =INVOICE!A35 -> BF6X27C51 | B35: =INVOICE!B35 -> 53" FOR THE FACE WOOL 98%, POLYURETHANE 2%(HS CODE: 6202.20.1000) | C35: =INVOICE!C35 -> 3950.44 | D35: =INVOICE!D35 -> MTS | E35: 1446 | F35: 1474.92 | G35: 52 | H35: BALE | I35: 빈폴 | N35: 빈폴 | O35: =SUMIFS(G35:G116,I35:I116,N35) -> 225
A36: =INVOICE!A36 -> 0 | B36: =INVOICE!B36 -> 44" LINING POLYESTER 100% | C36: =INVOICE!C36 -> 1409 | D36: =INVOICE!D36 -> MTS | E36: 95.812 | F36: 97.73 | G36: 5 | H36: BALE | I36: 자이언트 | K36: JT-1,JT-2,JT-3,JT-4,JT-5 | N36: 자이언트 | O36: =SUMIFS(G36:G117,I36:I117,N36) -> 33
A37: =INVOICE!A37 -> 0 | B37: =INVOICE!B37 -> 44" T/C LINING POLYESTER 100% | C37: =INVOICE!C37 -> 397 | D37: =INVOICE!D37 -> MTS | E37: 40.891 | F37: 41.71 | G37: 3 | H37: BALE | I37: 자이언트 | K37: JT-11,JT-13,JT-14 | N37: 다남 | O37: =SUMIFS(G37:G118,I37:I118,N37) -> 1
A38: =INVOICE!A38 -> 0 | B38: =INVOICE!B38 -> E BAND 38MM | C38: =INVOICE!C38 -> 21 | D38: =INVOICE!D38 -> ROLL | E38: 0.63 | F38: 0.64 | G38: 2 | H38: BOX | I38: 자이언트 | K38: JT-27,JT-32 | N38: 사무실 | O38: =SUMIFS(G38:G119,I38:I119,N38) -> 50
A39: =INVOICE!A39 -> 0 | B39: =INVOICE!B39 -> ZIPPER 9" | C39: =INVOICE!C39 -> 1835 | D39: =INVOICE!D39 -> EA | E39: 11.01 | F39: 11.23 | I39: 자이언트 | O39: =SUMIFS(G39:G120,I39:I120,N39) -> 0
A40: =INVOICE!A40 -> 0 | B40: =INVOICE!B40 -> ZIPPER 10" | C40: =INVOICE!C40 -> 1735 | D40: =INVOICE!D40 -> EA | E40: 8.675 | F40: 8.85 | G40: 1 | H40: BOX | I40: 자이언트 | K40: JT-31 | O40: =SUMIFS(G40:G121,I40:I121,N40) -> 0
A41: =INVOICE!A41 -> BF6X21C52 | B41: =INVOICE!B41 -> 52" FOR THE FACE POLYESTER 62%, RAYON 34%, POLYURETHANE 4%(HS CODE:6204.63.0000) | C41: =INVOICE!C41 -> 2226.35 | D41: =INVOICE!D41 -> MTS | E41: 1757.9 | F41: 1793.06 | G41: 82 | H41: BALE | I41: 빈폴 | O41: =SUMIFS(G41:G122,I41:I122,N41) -> 0
A42: =INVOICE!A42 -> 0 | B42: =INVOICE!B42 -> 44" T/C LINING POLYESTER 100% | C42: =INVOICE!C42 -> 600 | D42: =INVOICE!D42 -> MTS | E42: 61.8 | F42: 63.04 | G42: 3 | H42: BALE | I42: 자이언트 | K42: JT-10,JT-12,JT-15 | O42: =SUMIFS(G42:G123,I42:I123,N42) -> 0
A43: =INVOICE!A43 -> 0 | B43: =INVOICE!B43 -> ZIPPER 9" | C43: =INVOICE!C43 -> 2645 | D43: =INVOICE!D43 -> EA | E43: 15.87 | F43: 16.19 | G43: 1 | H43: BOX | I43: 자이언트 | K43: JT-30 | O43: =SUMIFS(G43:G124,I43:I124,N43) -> 0
A44: =INVOICE!A44 -> BF6X21C63 | B44: =INVOICE!B44 -> 58" FOR THE FACE COTTON 100%(HS CODE:6204.32.0000) | C44: =INVOICE!C44 -> 617.91 | D44: =INVOICE!D44 -> MTS | E44: 206.6 | F44: 210.73 | G44: 15 | H44: BALE | I44: 빈폴 | O44: =SUMIFS(G44:G125,I44:I125,N44) -> 0
A45: =INVOICE!A45 -> 0 | B45: =INVOICE!B45 -> 44" LINING POLYESTER 100% | C45: =INVOICE!C45 -> 440 | D45: =INVOICE!D45 -> MTS | E45: 29.92 | F45: 30.52 | G45: 1 | H45: BALE | I45: 자이언트 | J45: 68 | K45: JT-8
A46: =INVOICE!A46 -> 0 | B46: =INVOICE!B46 -> 44" T/C LINING POLYESTER 100% | C46: =INVOICE!C46 -> 110 | D46: =INVOICE!D46 -> MTS | E46: 11.33 | F46: 11.56 | G46: 1 | H46: BALE | I46: 자이언트 | J46: 103 | K46: JT-33
A47: =INVOICE!A47 -> 0 | B47: =INVOICE!B47 -> ZIPPER 9" | C47: =INVOICE!C47 -> 613 | D47: =INVOICE!D47 -> EA | E47: 3.68 | F47: =E47*1.02 -> 3.7536 | I47: 자이언트 | J47: 6
A48: =INVOICE!A48 -> BF6X21C62 | B48: =INVOICE!B48 -> 58 " FOR THE FACE COTTON 100%(HS CODE:6204.32.0000) | C48: =INVOICE!C48 -> 497.5 | D48: =INVOICE!D48 -> MTS | E48: 159.4 | F48: 162.59 | G48: 11 | H48: BALE | I48: 빈폴
A49: =INVOICE!A49 -> 0 | B49: =INVOICE!B49 -> 44"LINING POLYESTER 100% | C49: =INVOICE!C49 -> 604 | D49: =INVOICE!D49 -> MTS | E49: 41.07 | F49: 41.89 | G49: 3 | H49: BALE | I49: 자이언트 | J49: 68 | K49: JT-6,JT-7,JT-9
A50: =INVOICE!A50 -> 0 | B50: =INVOICE!B50 -> 44" T/C LINING POLYESTER 100% | C50: =INVOICE!C50 -> 105 | D50: =INVOICE!D50 -> MTS | E50: 10.82 | F50: =E50*1.02 -> 11.0364 | I50: 자이언트 | J50: 103
A51: =INVOICE!A51 -> 0 | B51: =INVOICE!B51 -> ZIPPER 9" | C51: =INVOICE!C51 -> 558 | D51: =INVOICE!D51 -> EA | E51: 3.35 | F51: =E51*1.02 -> 3.417 | I51: 자이언트 | J51: 6
A52: =INVOICE!A52 -> BF6964C23 | B52: =INVOICE!B52 -> 44" FOR THE FACE COTTON 100%(HS CODE:6204.32.0000) | C52: =INVOICE!C52 -> 900 | D52: =INVOICE!D52 -> MTS | E52: 303.2 | F52: 309.26 | G52: 40 | H52: BALE | I52: 빈폴
A53: =INVOICE!A53 -> BF6964C20 | B53: =INVOICE!B53 -> 45" FOR THE FACE WOOL 100%(HS CODE: 6204.51.0000) | C53: =INVOICE!C53 -> 2660 | D53: =INVOICE!D53 -> MTS | E53: 459.9 | F53: 469.1 | G53: 25 | H53: BALE | I53: 빈폴
A54: =INVOICE!A54 -> BF6964C20 | B54: =INVOICE!B54 -> 45" FOR THE FACE WOOL 100%(HS CODE: 6204.51.0000) | C54: =INVOICE!C54 -> 1091 | D54: =INVOICE!D54 -> MTS | E54: 151.15 | F54: 154.17 | G54: 13 | H54: BALE | I54: 사무실
A55: =INVOICE!A55 -> BF6964C23 | B55: =INVOICE!B55 -> 45" FOR THE FACE WOOL 100%(HS CODE: 6204.51.0000) | C55: =INVOICE!C55 -> 992 | D55: =INVOICE!D55 -> MTS | E55: 142.85 | F55: 145.71 | G55: 22 | H55: BALE | I55: 사무실
A56: =INVOICE!A56 -> BF6X21C62 | B56: =INVOICE!B56 -> 58 " FOR THE FACE COTTON 100%(HS CODE:6204.32.0000) | C56: =INVOICE!C56 -> 305.5 | D56: =INVOICE!D56 -> MTS | E56: 93.4 | F56: =E56*1.02 -> 95.268 | G56: 7 | H56: BALE | I56: 사무실
A57: =INVOICE!A57 -> BF6X27C51 | B57: =INVOICE!B57 -> 53" FOR THE FACE WOOL 98%, POLYURETHANE 2%(HS CODE: 6202.20.1000) | C57: =INVOICE!C57 -> 348 | D57: =INVOICE!D57 -> MTS | E57: 105.7 | F57: 107.81 | G57: 5 | H57: BALE | I57: 사무실 | K57: 216 | L57: 100 | M57: =L57/K57*[1]BEANPOLE_TTL!$P$261 -> 0
A58: =INVOICE!A58 -> LB6YJPM192D | B58: =INVOICE!B58 -> 58" COMBINATION POLYESTER 100% | C58: =INVOICE!C58 -> 55 | D58: =INVOICE!D58 -> YD | L58: 24
A59: =INVOICE!A59 -> 0 | B59: =INVOICE!B59 -> 44" COMBINATION POLYESTER 100% | C59: =INVOICE!C59 -> 37 | D59: =INVOICE!D59 -> YD | L59: 92
A60: =INVOICE!A60 -> 0 | B60: =INVOICE!B60 -> THREAD 2500M | C60: =INVOICE!C60 -> 2 | D60: =INVOICE!D60 -> CORN | E60: 10 | F60: 10.2 | G60: 1 | H60: BOX | I60: 다남
A61: =INVOICE!A61 -> 0 | B61: =INVOICE!B61 -> METAL ZIPPER | C61: =INVOICE!C61 -> 299 | D61: =INVOICE!D61 -> EA
A62: =INVOICE!A62 -> 0 | B62: =INVOICE!B62 -> MAIN LABEL | C62: =INVOICE!C62 -> 299 | D62: =INVOICE!D62 -> EA | E62: 12 | F62: =E62*1.02 -> 12.24 | G62: 1 | H62: BOX | I62: 사무실
A63: =INVOICE!A63 -> 0 | B63: =INVOICE!B63 -> CARE LABEL | C63: =INVOICE!C63 -> 299 | D63: =INVOICE!D63 -> EA
A64: =INVOICE!A64 -> 0 | B64: =INVOICE!B64 -> IMAGE TAG | C64: =INVOICE!C64 -> 299 | D64: =INVOICE!D64 -> EA
A65: =INVOICE!A65 -> 0 | B65: =INVOICE!B65 -> TAG LOOP | C65: =INVOICE!C65 -> 299 | D65: =INVOICE!D65 -> EA
A66: =INVOICE!A66 -> VB6YJKM104Z | B66: =INVOICE!B66 -> MAIN LABEL | C66: =INVOICE!C66 -> 478 | D66: =INVOICE!D66 -> EA
A67: =INVOICE!A67 -> 0 | B67: =INVOICE!B67 -> CARE LABEL | C67: =INVOICE!C67 -> 478 | D67: =INVOICE!D67 -> EA
A68: =INVOICE!A68 -> 0 | B68: =INVOICE!B68 -> IMAGE TAG | C68: =INVOICE!C68 -> 478 | D68: =INVOICE!D68 -> EA
A69: =INVOICE!A69 -> 0 | B69: =INVOICE!B69 -> TAG LOOP | C69: =INVOICE!C69 -> 478 | D69: =INVOICE!D69 -> EA
A70: =INVOICE!A70 -> 0 | B70: =INVOICE!B70 -> IMAGE TAG 2 | C70: =INVOICE!C70 -> 478 | D70: =INVOICE!D70 -> EA
A71: =INVOICE!A71 -> LB6YSLM192Z | B71: =INVOICE!B71 -> MAIN LABEL | C71: =INVOICE!C71 -> 190 | D71: =INVOICE!D71 -> EA
A72: =INVOICE!A72 -> 0 | B72: =INVOICE!B72 -> CARE LABEL | C72: =INVOICE!C72 -> 190 | D72: =INVOICE!D72 -> EA | M72: 빈폴
A73: =INVOICE!A73 -> 0 | B73: =INVOICE!B73 -> IMAGE TAG | C73: =INVOICE!C73 -> 190 | D73: =INVOICE!D73 -> EA
A74: =INVOICE!A74 -> 0 | B74: =INVOICE!B74 -> TAG LOOP | C74: =INVOICE!C74 -> 190 | D74: =INVOICE!D74 -> EA
A75: =INVOICE!A75 -> LB6YJKM191Z | B75: =INVOICE!B75 -> MAIN LABEL | C75: =INVOICE!C75 -> 110 | D75: =INVOICE!D75 -> EA | E75: 11.5 | F75: =E75*1.02 -> 11.73 | G75: 1 | H75: BOX | I75: 사무실
A76: =INVOICE!A76 -> 0 | B76: =INVOICE!B76 -> CARE LABEL | C76: =INVOICE!C76 -> 110 | D76: =INVOICE!D76 -> EA
A77: =INVOICE!A77 -> 0 | B77: =INVOICE!B77 -> IMAGE TAG | C77: =INVOICE!C77 -> 110 | D77: =INVOICE!D77 -> EA
A78: =INVOICE!A78 -> 0 | B78: =INVOICE!B78 -> TAG LOOP | C78: =INVOICE!C78 -> 110 | D78: =INVOICE!D78 -> EA
A79: =INVOICE!A79 -> MB6YSLM115Z | B79: =INVOICE!B79 -> 58" COMBINATION POLYESTER 100% | C79: =INVOICE!C79 -> 100 | D79: =INVOICE!D79 -> YD
A80: =INVOICE!A80 -> 0 | B80: =INVOICE!B80 -> MAIN LABEL | C80: =INVOICE!C80 -> 1966 | D80: =INVOICE!D80 -> EA
A81: =INVOICE!A81 -> 0 | B81: =INVOICE!B81 -> CARE LABEL | C81: =INVOICE!C81 -> 3932 | D81: =INVOICE!D81 -> EA | E81: 8.5 | F81: =E81*1.02 -> 8.67 | G81: 1 | H81: BOX | I81: 사무실
A82: =INVOICE!A82 -> 0 | B82: =INVOICE!B82 -> IMAGE TAG | C82: =INVOICE!C82 -> 1966 | D82: =INVOICE!D82 -> EA
A83: =INVOICE!A83 -> 0 | B83: =INVOICE!B83 -> TAG LOOP | C83: =INVOICE!C83 -> 1966 | D83: =INVOICE!D83 -> EA
A84: =INVOICE!A84 -> VB6YJKM191Z | B84: =INVOICE!B84 -> MAIN LABEL | C84: =INVOICE!C84 -> 102 | D84: =INVOICE!D84 -> EA
A85: =INVOICE!A85 -> 0 | B85: =INVOICE!B85 -> CARE LABEL | C85: =INVOICE!C85 -> 102 | D85: =INVOICE!D85 -> EA
A86: =INVOICE!A86 -> 0 | B86: =INVOICE!B86 -> IMAGE TAG | C86: =INVOICE!C86 -> 102 | D86: =INVOICE!D86 -> EA
A87: =INVOICE!A87 -> 0 | B87: =INVOICE!B87 -> TAG LOOP | C87: =INVOICE!C87 -> 102 | D87: =INVOICE!D87 -> EA
A88: =INVOICE!A88 -> LB6YSKM191Z | B88: =INVOICE!B88 -> MAIN LABEL | C88: =INVOICE!C88 -> 224 | D88: =INVOICE!D88 -> EA
A89: =INVOICE!A89 -> 0 | B89: =INVOICE!B89 -> CARE LABEL | C89: =INVOICE!C89 -> 224 | D89: =INVOICE!D89 -> EA
A90: =INVOICE!A90 -> 0 | B90: =INVOICE!B90 -> IMAGE TAG | C90: =INVOICE!C90 -> 224 | D90: =INVOICE!D90 -> EA
A91: =INVOICE!A91 -> 0 | B91: =INVOICE!B91 -> TAG LOOP | C91: =INVOICE!C91 -> 224 | D91: =INVOICE!D91 -> EA
A92: =INVOICE!A92 -> MB6YSLM114Z | B92: =INVOICE!B92 -> 58" COMBINATION POLYESTER 100% | C92: =INVOICE!C92 -> 24 | D92: =INVOICE!D92 -> YD
A93: =INVOICE!A93 -> 0 | B93: =INVOICE!B93 -> MAIN LABEL | C93: =INVOICE!C93 -> 1379 | D93: =INVOICE!D93 -> EA
... A96: =INVOICE!A96 -> 0 | B96: =INVOICE!B96 -> TAG LOOP | C96: =INVOICE!C96 -> 1379 | D96: =INVOICE!D96 -> EA
A97: =INVOICE!A97 -> 0 | B97: =INVOICE!B97 -> POLY BAG | C97: =INVOICE!C97 -> 1300 | D97: =INVOICE!D97 -> EA | E97: 25 | F97: =E97*1.02 -> 25.5 | G97: 1 | H97: BALE
A98: =INVOICE!A98 -> MB6YSLM113Z | B98: =INVOICE!B98 -> MAIN LABEL | C98: =INVOICE!C98 -> 2288 | D98: =INVOICE!D98 -> EA
A99: =INVOICE!A99 -> 0 | B99: =INVOICE!B99 -> CARE LABEL | C99: =INVOICE!C99 -> 2288 | D99: =INVOICE!D99 -> EA
A100: =INVOICE!A100 -> 0 | B100: =INVOICE!B100 -> IMAGE TAG | C100: =INVOICE!C100 -> 2288 | D100: =INVOICE!D100 -> EA
A101: =INVOICE!A101 -> 0 | B101: =INVOICE!B101 -> TAG LOOP | C101: =INVOICE!C101 -> 2288 | D101: =INVOICE!D101 -> EA
A102: =INVOICE!A102 -> MB6YJKM112Z | B102: =INVOICE!B102 -> MAIN LABEL | C102: =INVOICE!C102 -> 584 | D102: =INVOICE!D102 -> EA
A103: =INVOICE!A103 -> 0 | B103: =INVOICE!B103 -> CARE LABEL | C103: =INVOICE!C103 -> 584 | D103: =INVOICE!D103 -> EA
A104: =INVOICE!A104 -> 0 | B104: =INVOICE!B104 -> IMAGE TAG | C104: =INVOICE!C104 -> 584 | D104: =INVOICE!D104 -> EA
A105: =INVOICE!A105 -> 0 | B105: =INVOICE!B105 -> TAG LOOP | C105: =INVOICE!C105 -> 584 | D105: =INVOICE!D105 -> EA
A106: =INVOICE!A106 -> 0 | B106: =INVOICE!B106 -> PAD 4MM | C106: =INVOICE!C106 -> 584 | D106: =INVOICE!D106 -> SET
A107: =INVOICE!A107 -> MB6YJKM182Z | B107: =INVOICE!B107 -> PAD 4MM | C107: =INVOICE!C107 -> 575 | D107: =INVOICE!D107 -> SET
A108: =INVOICE!A108 -> 356X11WC1 | B108: =INVOICE!B108 -> 60" LINING POLYESTER 100% | C108: =INVOICE!C108 -> 1475 | D108: =INVOICE!D108 -> MTS | G108: 8 | H108: BALE | I108: 자이언트 | K108: JT-16,JT-17,JT-18,JT-19,JT-20,JT-21,JT-22,JT-23
A109: =INVOICE!A109 -> 0 | B109: =INVOICE!B109 -> PAD 4MM | C109: =INVOICE!C109 -> 1230 | D109: =INVOICE!D109 -> SET | G109: 3 | H109: BALE | I109: 자이언트 | K109: JT-24,JT-25,JT-26
A110: =INVOICE!A110 -> KM269OPT006M | B110: =INVOICE!B110 -> 58" FOR THE FACE | C110: =INVOICE!C110 -> 967 | D110: =INVOICE!D110 -> YD | G110: 31 | H110: BALE
A111: =INVOICE!A111 -> 0 | B111: =INVOICE!B111 -> 44" T/C LINING POLYESTER 100% | C111: =INVOICE!C111 -> 304 | D111: =INVOICE!D111 -> MTS | G111: 2 | H111: BALE | I111: 자이언트 | K111: JT-28,JT-29
...

Sheet BEANPOLE_TTL
A1: 빈폴
E3: WIDTH
A4: NO | B4: SHIPPING DT. | C4: STYLE NO. | D4: COLOR | E4: CM | F4: INC | G4: R/N | H4: GROSS | I4: NET | J4: WEIGHT | K4: WT/MT | L4: THICKNESS | M4: THICKNESS/MT
A5: 1 | B5: 46216 | C5: BF6X27C51 | D5: 4 | E5: 133 | F5: =E5/2.512 -> 52.94586 | G5: 1 | H5: 83 | I5: 83 | J5: =I5*$K$40 -> 27.035831 | L5: =I5*$M$40 -> 22.710098
A6: 2 | G6: 2 | H6: 85 | I6: 85 | J6: =I6*$K$40 -> 27.687296 | L6: =I6*$M$40 -> 23.257329
A7: 3 | G7: 3 | H7: 87 | I7: 87 | J7: =I7*$K$40 -> 28.338762 | L7: =I7*$M$40 -> 23.80456
A8: 4 | G8: 4 | H8: 86 | I8: 86 | J8: =I8*$K$40 -> 28.013029 | L8: =I8*$M$40 -> 23.530945
A9: 5 | G9: 5 | H9: 85 | I9: 85 | J9: =I9*$K$40 -> 27.687296 | L9: =I9*$M$40 -> 23.257329
A10: 6 | G10: 6 | H10: 87 | I10: 87 | J10: =I10*$K$40 -> 28.338762 | L10: =I10*$M$40 -> 23.80456
A11: 7 | G11: 7 | H11: 102 | I11: 102 | J11: =I11*$K$40 -> 33.224756 | L11: =I11*$M$40 -> 27.908795
A12: 8 | G12: 8 | H12: 85 | I12: 85 | J12: =I12*$K$40 -> 27.687296 | L12: =I12*$M$40 -> 23.257329
A13: 9 | G13: 9 | H13: 87 | I13: 87 | J13: =I13*$K$40 -> 28.338762 | L13: =I13*$M$40 -> 23.80456
A14: 10 | G14: 10 | H14: 84 | I14: 83.75 | J14: =I14*$K$40 -> 27.28013 | L14: =I14*$M$40 -> 22.915309
A15: 11 | G15: 11 | H15: 85 | I15: 84.75 | J15: =I15*$K$40 -> 27.605863 | L15: =I15*$M$40 -> 23.188925
A16: 12 | G16: 12 | H16: 84 | I16: 83.75 | J16: =I16*$K$40 -> 27.28013 | L16: =I16*$M$40 -> 22.915309
A17: 13 | G17: 13 | H17: 88 | I17: 88 | J17: =I17*$K$40 -> 28.664495 | L17: =I17*$M$40 -> 24.078176
... A24: 20 | G24: 20 | H24: 82 | I24: 82 | J24: =I24*$K$40 -> 26.710098 | L24: =I24*$M$40 -> 22.436482
A25: 소계 | H25: =SUM(H5:H24) -> 1730 | I25: =SUM(I5:I24) -> 1728.25 | J25: =SUM(J5:J24) -> 562.94788 | L25: =I25*$M$40 -> 472.87622
A26: 1 | B26: 46216 | C26: BF6X27C51 | D26: D | E26: 133 | F26: =E26/2.512 -> 52.94586 | G26: 3 | H26: 82 | I26: 82 | J26: =I26*$K$40 -> 26.710098 | L26: =I26*$M$40 -> 22.436482
A27: 2 | G27: 4 | H27: 88 | I27: 87.75 | J27: =I27*$K$40 -> 28.583062 | L27: =I27*$M$40 -> 24.009772
A28: 3 | G28: 5 | H28: 86 | I28: 84 | J28: =I28*$K$40 -> 27.361564 | L28: =I28*$M$40 -> 22.983713
A29: 4 | G29: 6 | H29: 87 | I29: 87 | J29: =I29*$K$40 -> 28.338762 | L29: =I29*$M$40 -> 23.80456
A30: 5 | G30: 7 | H30: 91 | I30: 91 | J30: =I30*$K$40 -> 29.641694 | L30: =I30*$M$40 -> 24.899023
A31: 6 | G31: 11 | H31: 39 | I31: 36 | J31: =I31*$K$40 -> 11.726384 | L31: =I31*$M$40 -> 9.8501629
A32: 7 | G32: 13 | H32: 39 | I32: 38 | J32: =I32*$K$40 -> 12.37785 | L32: =I32*$M$40 -> 10.397394
A33: 8 | G33: 14 | H33: 84 | I33: 83.75 | J33: =I33*$K$40 -> 27.28013 | L33: =I33*$M$40 -> 22.915309
A34: 9 | G34: 21 | H34: 43 | I34: 42.75 | J34: =I34*$K$40 -> 13.925081 | L34: =I34*$M$40 -> 11.697068
A35: 10 | G35: 1 | H35: 44 | I35: 44 | J35: =I35*$K$40 -> 14.332248 | L35: =I35*$M$40 -> 12.039088
A36: 11 | G36: 5 | H36: 3.75 | I36: 3.75 | J36: =I36*$K$40 -> 1.2214984 | L36: =I36*$M$40 -> 1.0260586
A37: 12 | G37: 8 | H37: 87 | I37: 85 | J37: =I37*$K$40 -> 27.687296 | L37: =I37*$M$40 -> 23.257329
A38: 13 | G38: 9 | H38: 88 | I38: 88 | J38: =I38*$K$40 -> 28.664495 | L38: =I38*$M$40 -> 24.078176
A39: 14 | G39: 15 | H39: 87 | I39: 86.75 | J39: =I39*$K$40 -> 28.257329 | L39: =I39*$M$40 -> 23.736156
A40: 15 | G40: 18 | H40: 77 | I40: 76.75 | J40: 25 | K40: =J40/I40 -> 0.3257329 | L40: 21 | M40: =L40/I40 -> 0.27361564
A41: 16 | G41: 19 | H41: 8 | I41: 8 | J41: =I41*$K$40 -> 2.6058632 | L41: =I41*$M$40 -> 2.1889251
A42: 소계 | H42: =SUM(H26:H41) -> 1033.75 | I42: =SUM(I26:I41) -> 1024.5 | J42: =SUM(J26:J41) -> 333.71336 | K42: =SUM(K26:K41) -> 0.3257329 | L42: =SUM(L26:L41) -> 280.31922 | M42: =SUM(M26:M41) -> 0.27361564
A43: 품번별합계 | H43: =SUM(H42,H25) -> 2763.75 | I43: =SUM(I42,I25) -> 2752.75
A44: 1 | B44: 46216 | C44: BF6X21C52 | D44: 0 | E44: 131 | F44: =E44/2.512 -> 52.149682 | G44: 1 | H44: 48 | I44: 46 | J44: =I44*$K$54 -> 23.859341 | L44: =I44*$M$54 -> 24.769231
A45: 2 | G45: 2 | H45: 48.5 | I45: 46.5 | J45: =I45*$K$54 -> 24.118681 | L45: =I45*$M$54 -> 25.038462
A46: 3 | G46: 3 | H46: 48.75 | I46: 47 | J46: =I46*$K$54 -> 24.378022 | L46: =I46*$M$54 -> 25.307692
A47: 4 | G47: 4 | H47: 47.5 | I47: 45 | J47: =I47*$K$54 -> 23.340659 | L47: =I47*$M$54 -> 24.230769
A48: 5 | G48: 5 | H48: 49.25 | I48: 47.5 | J48: =I48*$K$54 -> 24.637363 | L48: =I48*$M$54 -> 25.576923
A49: 6 | G49: 6 | H49: 48.5 | I49: 46 | J49: =I49*$K$54 -> 23.859341 | L49: =I49*$M$54 -> 24.769231
A50: 7 | G50: 7 | H50: 48.75 | I50: 46.5 | J50: =I50*$K$54 -> 24.118681 | L50: =I50*$M$54 -> 25.038462
A51: 8 | G51: 8 | H51: 47 | I51: 45 | J51: =I51*$K$54 -> 23.340659 | L51: =I51*$M$54 -> 24.230769
A52: 9 | G52: 9 | H52: 44.25 | I52: 42.5 | J52: =I52*$K$54 -> 22.043956 | L52: =I52*$M$54 -> 22.884615
A53: 10 | G53: 10 | H53: 48 | I53: 46.5 | J53: =I53*$K$54 -> 24.118681 | L53: =I53*$M$54 -> 25.038462
A54: 11 | G54: 11 | H54: 48 | I54: 45.5 | J54: 23.6 | K54: =J54/I54 -> 0.51868132 | L54: 24.5 | M54: =L54/I54 -> 0.53846154
A55: 12 | G55: 12 | H55: 47.75 | I55: 46 | J55: =I55*$K$54 -> 23.859341 | L55: =I55*$M$54 -> 24.769231
A56: 소계 | H56: =SUM(H44:H55) -> 574.25 | I56: =SUM(I44:I55) -> 550 | J56: =SUM(J44:J55) -> 285.27473 | K56: =SUM(K44:K55) -> 0.51868132 | L56: =SUM(L44:L55) -> 296.15385 | M56: =SUM(M44:M55) -> 0.53846154
A57: 1 | B57: 46216 | C57: BF6X21C52 | D57: 4 | E57: 130 | F57: =E57/2.512 -> 51.751592 | G57: 1 | H57: 51 | I57: 47.5 | J57: =$K$73*I57 -> 23.265306
A58: 2 | G58: 2 | H58: 49.5 | I58: 49 | J58: =$K$73*I58 -> 24
A59: 3 | G59: 4 | H59: 51.75 | I59: 51.5 | J59: =$K$73*I59 -> 25.22449
A60: 4 | G60: 8 | H60: 51.5 | I60: 51.5 | J60: =$K$73*I60 -> 25.22449
A61: 5 | G61: 9 | H61: 51 | I61: 50 | J61: =$K$73*I61 -> 24.489796
A62: 6 | G62: 11 | H62: 50 | I62: 50 | J62: =$K$73*I62 -> 24.489796
A63: 7 | G63: 12 | H63: 49.5 | I63: 47 | J63: =$K$73*I63 -> 23.020408
A64: 8 | G64: 13 | H64: 51.5 | I64: 51.5 | J64: =$K$73*I64 -> 25.22449
A65: 9 | G65: 14 | H65: 50.75 | I65: 50.5 | J65: =$K$73*I65 -> 24.734694
A66: 10 | G66: 15 | H66: 51.5 | I66: 51.5 | J66: =$K$73*I66 -> 25.22449
A67: 11 | G67: 17 | H67: 51.5 | I67: 49 | J67: =$K$73*I67 -> 24
A68: 12 | G68: 21 | H68: 49.5 | I68: 45.5 | J68: =$K$73*I68 -> 22.285714
A69: 13 | G69: 23 | H69: 52 | I69: 52 | J69: =$K$73*I69 -> 25.469388
... A72: 16 | G72: 28 | H72: 51 | I72: 51 | J72: =$K$73*I72 -> 24.979592
A73: 17 | G73: 30 | H73: 49.5 | I73: 49 | J73: 24 | K73: =J73/I73 -> 0.48979592 | L73: 23 | M73: =L73/I73 -> 0.46938776
A74: 18 | G74: 31 | H74: 50.5 | I74: 46.5 | J74: =$K$73*I74 -> 22.77551
A75: 19 | G75: 32 | H75: 49.5 | I75: 48.5 | J75: =$K$73*I75 -> 23.755102
A76: 20 | G76: 33 | H76: 49.5 | I76: 48.5 | J76: =$K$73*I76 -> 23.755102
A77: 21 | G77: 34 | H77: 50 | I77: 50 | J77: =$K$73*I77 -> 24.489796
A78: 22 | G78: 3 | H78: 52 | I78: 51 | J78: =$K$73*I78 -> 24.979592
A79: 23 | G79: 5 | H79: 52 | I79: 51 | J79: =$K$73*I79 -> 24.979592
A80: 24 | G80: 6 | H80: 52.5 | I80: 49.5 | J80: =$K$73*I80 -> 24.244898
A81: 25 | G81: 7 | H81: 51.5 | I81: 47.5 | J81: =$K$73*I81 -> 23.265306
A82: 26 | G82: 10 | H82: 52.5 | I82: 49 | J82: =$K$73*I82 -> 24
A83: 27 | G83: 16 | H83: 39 | I83: 39 | J83: =$K$73*I83 -> 19.102041
A84: 28 | G84: 18 | H84: 52 | I84: 51.5 | J84: =$K$73*I84 -> 25.22449
A85: 29 | G85: 19 | H85: 50 | I85: 48 | J85: =$K$73*I85 -> 23.510204
... A90: 34 | G90: 29 | H90: 49.5 | I90: 49.5 | J90: =$K$73*I90 -> 24.244898
A91: 소계 | H91: =SUM(H57:H90) -> 1717.5 | I91: =SUM(I57:I90) -> 1677.5 | J91: =SUM(J57:J90) -> 821.63265 | L91: =SUM(L57:L90) -> 23
A92: 1 | B92: 46217 | C92: BF6X21C51 | D92: 5 | E92: 130 | F92: =E92/2.512 -> 51.751592 | G92: 1 | H92: 51 | I92: 48 | J92: =$K$110*I92 -> 21.996117 | L92: =$M$110*I92 -> 21.902913
A93: 2 | G93: 2 | H93: 52.5 | I93: 52.5 | J93: =$K$110*I93 -> 24.058252 | L93: =$M$110*I93 -> 23.956311
A94: 3 | G94: 3 | H94: 52.25 | I94: 48.5 | J94: =$K$110*I94 -> 22.225243 | L94: =$M$110*I94 -> 22.131068
A95: 4 | G95: 4 | H95: 51.75 | I95: 50.5 | J95: =$K$110*I95 -> 23.141748 | L95: =$M$110*I95 -> 23.043689
A96: 5 | G96: 5 | H96: 51.25 | I96: 51 | J96: =$K$110*I96 -> 23.370874 | L96: =$M$110*I96 -> 23.271845
A97: 6 | G97: 6 | H97: 52.25 | I97: 51.5 | J97: =$K$110*I97 -> 23.6 | L97: =$M$110*I97 -> 23.5
A98: 7 | G98: 7 | H98: 51 | I98: 50 | J98: =$K$110*I98 -> 22.912621 | L98: =$M$110*I98 -> 22.815534
A99: 8 | G99: 8 | H99: 51 | I99: 50.5 | J99: =$K$110*I99 -> 23.141748 | L99: =$M$110*I99 -> 23.043689
A100: 9 | G100: 9 | H100: 51 | I100: 51 | J100: =$K$110*I100 -> 23.370874 | L100: =$M$110*I100 -> 23.271845
A101: 10 | G101: 10 | H101: 51.25 | I101: 50.5 | J101: =$K$110*I101 -> 23.141748 | L101: =$M$110*I101 -> 23.043689
A102: 11 | G102: 11 | H102: 52.75 | I102: 52.5 | J102: =$K$110*I102 -> 24.058252 | L102: =$M$110*I102 -> 23.956311
A103: 12 | G103: 12 | H103: 52.5 | I103: 52 | J103: =$K$110*I103 -> 23.829126 | L103: =$M$110*I103 -> 23.728155
A104: 13 | G104: 13 | H104: 52.25 | I104: 52 | J104: =$K$110*I104 -> 23.829126 | L104: =$M$110*I104 -> 23.728155
... A109: 18 | G109: 18 | H109: 51.5 | I109: 48.5 | J109: =$K$110*I109 -> 22.225243 | L109: =$M$110*I109 -> 22.131068
A110: 19 | G110: 19 | H110: 51.5 | I110: 51.5 | J110: 23.6 | K110: =J110/I110 -> 0.45825243 | L110: 23.5 | M110: =L110/I110 -> 0.45631068
A111: 20 | G111: 20 | H111: 50.25 | I111: 50 | J111: =$K$110*I111 -> 22.912621 | L111: =$M$110*I111 -> 22.815534
A112: 21 | G112: 21 | H112: 51 | I112: 51 | J112: =$K$110*I112 -> 23.370874 | L112: =$M$110*I112 -> 23.271845
A113: 22 | G113: 22 | H113: 52.25 | I113: 52 | J113: =$K$110*I113 -> 23.829126 | L113: =$M$110*I113 -> 23.728155
A114: 23 | G114: 23 | H114: 52.25 | I114: 52 | J114: =$K$110*I114 -> 23.829126 | L114: =$M$110*I114 -> 23.728155
A115: 24 | G115: 24 | H115: 53.5 | I115: 52.5 | J115: =$K$110*I115 -> 24.058252 | L115: =$M$110*I115 -> 23.956311
A116: 25 | G116: 25 | H116: 53 | I116: 52.5 | J116: =$K$110*I116 -> 24.058252 | L116: =$M$110*I116 -> 23.956311
A117: 26 | G117: 26 | H117: 51.5 | I117: 51 | J117: =$K$110*I117 -> 23.370874 | L117: =$M$110*I117 -> 23.271845
...

Sheet SS_PAD

Sheet BEANPOLE_FOR CHINA
A15: 품번 | B15: 색상 | C15: 소재 | D15: 수량 | E15: 원단처 | F15: 단가 | G15: 폭 | H15: 혼용율 | I15: 가요척 | J15: 발주량
A16: BF6X21Y62 | B16: KHAKI | C16: 카도르 | D16: 200 | E16: 봅텍스타일 | F16: 24500 | G16: 143 | H16: AW 100% | I16: 1.25 | J16: 250 | K16: =ROUNDDOWN(D16/50,0) -> 4
A17: BF6X21C62 | B17: BROWN | C17: 카도르 | D17: 150 | E17: 봅텍스타일 | F17: 24500 | G17: 143 | H17: AW 100% | I17: 1.25 | J17: 188 | K17: =ROUNDDOWN(D17/50,0) -> 3
A18: BF6X21C63 | B18: ASH(#3562) | C18: 카도르 | D18: 100 | E18: 봅텍스타일 | F18: 24500 | G18: 143 | H18: AW 100% | I18: 1.29 | J18: 129 | K18: =ROUNDDOWN(D18/50,0) -> 2
A19: BF6964C23 | B19: ASH | C19: 데님체크 | D19: 250 | E19: 제니스에프엔에이 | F19: 9800 | G19: 106 | H19: C 100% | I19: 1.8 | J19: 450 | K19: =ROUNDDOWN(D19/50,0) -> 5
A20: BF6964C23 | B20: NAVY | C20: 데님체크 | D20: 300 | E20: 제니스에프엔에이 | F20: 9800 | G20: 106 | H20: C 100% | I20: 1.8 | J20: 540 | K20: =ROUNDDOWN(D20/50,0) -> 6
A21: BF6964C20 | B21: RED | C21: 미니타탄(JTF26-25) | D21: 300 | E21: 제니스에프엔에이 | F21: 9800 | G21: 106 | H21: C 100% | I21: 1.9 | J21: 570 | K21: =ROUNDDOWN(D21/50,0) -> 6
A22: BF6964C20 | B22: BLUE | C22: 미니타탄(JTF26-25) | D22: 250 | E22: 제니스에프엔에이 | F22: 9800 | G22: 106 | H22: C 100% | I22: 1.9 | J22: 475 | K22: =ROUNDDOWN(D22/50,0) -> 5
A23: BF6X27C51 | B23: ASH | C23: 멜리나 | D23: 200 | E23: 아즈텍 | F23: 19500 | G23: 133 | H23: AW 98%,PU2% | I23: 1.78 | J23: 356 | K23: =ROUNDDOWN(D23/50,0) -> 4
A24: BF6X27C51 | B24: BROWN | C24: 멜리나 | D24: 100 | E24: 아즈텍 | F24: 19500 | G24: 133 | H24: AW 98%,PU2% | I24: 1.78 | J24: 178 | K24: =ROUNDDOWN(D24/50,0) -> 2
A25: BF6827C51 | B25: NAVY | C25: 비엘라스트레치 | D25: 250 | E25: 아즈텍 | F25: 14000 | G25: 133 | H25: AW 48%,P 48, PU 4% | I25: 1.78 | J25: 545 | K25: =ROUNDDOWN(D25/50,0) -> 5

Sheet ZIPPER_DANAM
A2: TO : 태일
D3: PACKING LIST
A9: 업체명 : 다남인더스트리 | F9: 2026년 07월 8일
A10: C/T NO | B10: BRAND | C10: STYLE NO. | D10: ITEM | E10: 규격 | F10: COLOR | G10: Q'TY | H10: 비고 | I10: KG
A11: 1 | C11: LB6Y.JPM.192D | D11: 카라매칭 코아사 | F11: CA | G11: 1 | I11: 10
D12: 금속지퍼 | E12: 55 | F12: CA | G12: 78
E13: 66 | F13: CA | G13: 69
D14: 카라매칭 코아사 | F14: CC | G14: 1
D15: 금속지퍼 | E15: 55 | F15: CC | G15: 82
E16: 66 | F16: CC | G16: 70
A20: TTL | B20: C/T | I20: =SUM(I11:I18) -> 10 | J20: =SUM(J11:J18) -> 0

Sheet LABEL.TAG_MIDO
B1: 수출물품목록
B2: 입고일 | C2: 46210 | H2: 운송장번호
A4: 포장번호 | B4: 품번 | C4: 종류 | E4: 색상 | F4: 사이즈 | G4: 수량 | H4: 수령일자 | I4: =IF($B$1="수출물품목록","선적일자","입고일자") -> 선적일자 | J4: 비고
A5: T.I-176 | B5: LB6YJPM192D | C5: 메인라벨 | E5: CA | F5: 0 | G5: 78 | H5: 46210 | I5: 46221
C6: 케어라벨 | E6: CA | F6: 1 | G6: 69 | H6: 46210 | I6: 46221
C7: 이미지택 | E7: CC | F7: 0 | G7: 82 | H7: 46210 | I7: 46221
C8: 택고리 | E8: CC | F8: 1 | G8: 70 | H8: 46210 | I8: 46221
C9: 가격택
B11: VB6YJKM104Z | C11: 메인라벨 | E11: CA | F11: 0 | G11: 148 | H11: 46210 | I11: 46221
C12: 케어라벨 | E12: CA | F12: 1 | G12: 124 | H12: 46210 | I12: 46221
C13: 이미지택 | E13: CC | F13: 0 | G13: 110 | H13: 46210 | I13: 46221
C14: 택고리 | E14: CC | F14: 1 | G14: 96 | H14: 46210 | I14: 46221
C15: 이미지택2
C16: 가격택
B17: LB6YSLM192Z | C17: 메인라벨 | E17: CA | F17: 0 | G17: 53 | H17: 46210 | I17: 46221
C18: 케어라벨 | E18: CA | F18: 1 | G18: 41 | H18: 46210 | I18: 46221
C19: 이미지택 | E19: CC | F19: 0 | G19: 54 | H19: 46210 | I19: 46221
C20: 택고리 | E20: CC | F20: 1 | G20: 42 | H20: 46210 | I20: 46221
C21: 가격택
B23: LB6YJKM191Z | C23: 메인라벨 | E23: GR | F23: 0 | G23: 60 | H23: 46210 | I23: 46221
C24: 케어라벨 | E24: GR | F24: 1 | G24: 50 | H24: 46210 | I24: 46221
C25: 이미지택 | H25: 46210 | I25: 46221
C26: 택고리 | H26: 46210 | I26: 46221
C27: 가격택
B28: MB6YSLM115Z | C28: 메인라벨 | E28: DE | F28: 55 | G28: 260 | H28: 46210 | I28: 46221
C29: 케어라벨 | E29: DE | F29: 66 | G29: 270 | H29: 46210 | I29: 46221
C30: 이미지택 | E30: DE | F30: 77 | G30: 84 | H30: 46210 | I30: 46221
C31: 택고리 | E31: BR | F31: 55 | G31: 260 | H31: 46210 | I31: 46221
C32: 가격택 | E32: BR | F32: 66 | G32: 280 | H32: 46210 | I32: 46221
E33: BR | F33: 77 | G33: 85 | H33: 46210 | I33: 46221
E34: DG | F34: 55 | G34: 300 | H34: 46210 | I34: 46221
E35: DG | F35: 66 | G35: 320 | H35: 46210 | I35: 46221
E36: DG | F36: 77 | G36: 107 | H36: 46210 | I36: 46221
A37: T.I-175 | B37: VB6YJKM191Z | C37: 메인라벨 | E37: GR | F37: 0 | G37: 54 | H37: 46210 | I37: 46221
C38: 케어라벨 | E38: GR | F38: 1 | G38: 48 | H38: 46210 | I38: 46221
C39: 이미지택
C40: 택고리
C41: 가격택
B43: LB6YSKM191Z | C43: 메인라벨 | E43: GR | F43: 0 | G43: 60 | H43: 46210 | I43: 46221
C44: 케어라벨 | E44: GR | F44: 1 | G44: 48 | H44: 46210 | I44: 46221
C45: 이미지택 | E45: BR | F45: 0 | G45: 64 | H45: 46210 | I45: 46221
C46: 택고리 | E46: BR | F46: 1 | G46: 52 | H46: 46210 | I46: 46221
C47: 가격택
B48: MB6YSLM114Z | C48: 메인라벨 | E48: DE | F48: 55 | G48: 266 | H48: 46210 | I48: 46221
C49: 케어라벨 | E49: DE | F49: 66 | G49: 260 | H49: 46210 | I49: 46221
C50: 이미지택 | E50: DE | F50: 77 | G50: 70 | H50: 46210 | I50: 46221
C51: 택고리 | E51: DG | F51: 55 | G51: 343 | H51: 46210 | I51: 46221
C52: 가격택 | E52: DG | F52: 66 | G52: 340 | H52: 46210 | I52: 46221
E53: DG | F53: 77 | G53: 100 | H53: 46210 | I53: 46221
B57: MB6YSLM113Z | C57: 메인라벨 | E57: BR | F57: 55 | G57: 311 | H57: 46210 | I57: 46221
C58: 케어라벨 | E58: BR | F58: 66 | G58: 360 | H58: 46210 | I58: 46221
C59: 이미지택 | E59: BR | F59: 77 | G59: 120 | H59: 46210 | I59: 46221
C60: 택고리 | E60: GR | F60: 55 | G60: 287 | H60: 46210 | I60: 46221
C61: 가격택 | E61: GR | F61: 66 | G61: 310 | H61: 46210 | I61: 46221
E62: GR | F62: 77 | G62: 100 | H62: 46210 | I62: 46221
E63: BK | F63: 55 | G63: 320 | H63: 46210 | I63: 46221
E64: BK | F64: 66 | G64: 360 | H64: 46210 | I64: 46221
E65: BK | F65: 77 | G65: 120 | H65: 46210 | I65: 46221
H66: 46210 | I66: 46221
B68: MB6YJKM112Z | C68: 메인라벨 | E68: DE | F68: 55 | G68: 270 | H68: 46210 | I68: 46221
C69: 케어라벨 | E69: DE | F69: 66 | G69: 250 | H69: 46210 | I69: 46221
C70: 이미지택 | E70: DE | F70: 77 | G70: 64 | H70: 46210 | I70: 46221
C71: 택고리
C72: 가격택
A77: T.I-177 | B77: LB6YJPM112D | C77: BOTTON LOOP | E77: CA | G77: 1120 | I77: 단추고리
E78: CC | G78: 1120
B79: MB6YSLM115Z | C79: CARE LABEL | E79: DG | F79: 55 | G79: 300 | J79: =SUM(G79:G87) -> 1966
E80: DG | F80: 66 | G80: 320
E81: DG | F81: 77 | G81: 107
B82: MT6YSLM115Z | C82: CARE LABEL | E82: BR | F82: 55 | G82: 260
E83: BR | F83: 66 | G83: 280
E84: BR | F84: 77 | G84: 85
E85: DE | F85: 55 | G85: 260
E86: DE | F86: 66 | G86: 270
E87: DE | F87: 77 | G87: 84
C88: POLY BAG | G88: 300
A89: T.I-270 | B89: MB6YJKM182Z | C89: POLY BAG | G89: 1000

Sheet LINING_SB
C1: SEONGBO TEXTILE CO.,LTD
A2: #102,SEONGBO BLDG. 19,NONHYUN-DONG,GANGNAM-GU,SEOUL,KOREA.
A3: TEL: (02) 545-1112, FAX: (02) 541-1112
A6: PACKING LIST
A7: CLIENT | D7: : | E7: 성보섬유상사(유) | L7: BUYER | N7: : | O7: 태일무역 <미도>
A8: COMMODITY | D8: : | E8: LINNING | L8: 입고처 | N8: :
A9: FINISHED | D9: : | E9: PD | L9: ORD Q'TY | N9: : | O9: 216
A10: DATE | D10: : | E10: 46218 | L10: SHPD Q'TY | N10: : | O10: 216
A11: WEIGHT | D11: : | E11: 216 | L11: CBM | N11: : | O11: 0.089
A13: COLOR ASSORT
A14: STYLE NO. | E14: ITEM | J14: COLOR NO. | L14: COLOR | N14: ORD Q'TY | P14: SHPD Q'TY | R14: LOSS
A15: MB6YSLM115Z | E15: 모니카(베이스) | F15: 모니카(베이스) | G15: 모니카(베이스) | H15: 모니카(베이스) | I15: 모니카(베이스) | J15: 뒤#7 | K15: 뒤#7 | L15: D/BEIGE | M15: D/BEIGE | N15: 50 | P15: 50
E16: 크루즈(골드컴퍼니) | F16: 크루즈(골드컴퍼니) | G16: 크루즈(골드컴퍼니) | H16: 크루즈(골드컴퍼니) | I16: 크루즈(골드컴퍼니) | J16: #10 | K16: #10 | L16: BROWN | M16: BROWN | N16: 50 | P16: 50
A17: MB6YSLM114Z | B17: MB6YSLM114Z | C17: MB6YSLM114Z | D17: MB6YSLM114Z | E17: 모니카(베이스) | F17: 모니카(베이스) | G17: 모니카(베이스) | H17: 모니카(베이스) | I17: 모니카(베이스) | J17: 뒤#7 | K17: 뒤#7 | L17: D/BEIGE | M17: D/BEIGE | N17: 24 | P17: 24
A18: LB6YJPM192D | E18: 덤부링(예나텍스) | J18: #73 | K18: #73 | L18: CAMEL | M18: CAMEL | N18: 18 | P18: 18
J19: #47 | K19: #47 | L19: CHARCOAL | M19: CHARCOAL | N19: 19 | P19: 19
E20: POLY 75/75 TWILL | F20: POLY 75/75 TWILL | G20: POLY 75/75 TWILL | H20: POLY 75/75 TWILL | I20: POLY 75/75 TWILL | J20: #9 | K20: #9 | L20: CAMEL | M20: CAMEL | N20: 27 | P20: 27
E21: POLY 50/75 TWILL | F21: POLY 50/75 TWILL | G21: POLY 50/75 TWILL | H21: POLY 50/75 TWILL | I21: POLY 50/75 TWILL | J21: #BK | K21: #BK | L21: CHARCOAL | M21: CHARCOAL | N21: 28 | P21: 28
A22: TOTAL | N22: =SUM(N15:N21) -> 216 | P22: =SUM(P15:P21) -> 216 | R22: =SUM(R15:R21) -> 0
A23: DETAIL PACKING
A24: C/T NO. | C24: COLOR | G24: 1 | H24: 2 | I24: 3 | J24: 4 | K24: 5 | L24: 6 | M24: 7 | N24: 8 | O24: 9 | P24: 10 | Q24: ROLL | R24: Q'TY
A25: SB-1 | C25: MB6YSLM115Z MB6YSLM114Z 뒤#7 | G25: 74 | Q25: =COUNT(G25:P25) -> 1 | R25: =SUM(G25:P25) -> 74
A26: SB-2 | C26: MB6YSLM115Z #10 | G26: 50 | Q26: =COUNT(G26:P26) -> 1 | R26: =SUM(G26:P26) -> 50
A27: SB-3 | C27: LB6YJPM192D #73 | G27: 18 | Q27: =COUNT(G27:P27) -> 1 | R27: =SUM(G27:P27) -> 18
A28: SB-4 | C28: LB6YJPM192D #47 | G28: 19 | Q28: =COUNT(G28:P28) -> 1 | R28: =SUM(G28:P28) -> 19
A29: SB-5 | C29: LB6YJPM192D #9 | G29: 27 | Q29: =COUNT(G29:P29) -> 1 | R29: =SUM(G29:P29) -> 27
C30: LB6YJPM192D #BK | G30: 28 | Q30: =COUNT(G30:P30) -> 1 | R30: =SUM(G30:P30) -> 28
G31: TOTAL: | I31: =COUNTA(A25:B30) -> 5 | J31: C/T | Q31: =SUM(Q25:Q30) -> 6 | R31: =SUM(R25:R30) -> 216

Sheet 제니스_중국분1
B1: 출고송장 (260615-2019,상차-1) | BY1: 상 호 | CH1: (주)케이에스케이대구지점
A6: 매 출 처 | K6: (주)제니스에프앤에이 | AQ6: 오 다 량 | BA6: 990.00 Mts
BY7: 등록번호 | CH7: 503-85-11473 | DB7: 성 명 | DH7: 고한식
A9: 오다번호 스타일NO | K9: 4502907396_x000D_ BF6964C23 | AQ9: 출 고 량 | BA9: 992.00 Mts
BY11: 주 소 | CH11: 대구광역시 서구 와룡로 70길 16-6
A13: 품 명 | K13: F12-BF6C16 CT 100 | AQ13: 오다/검사폭 | BA13: 106.00/111.00 Cm
A17: 바 이 어 | K17: 삼성물산-완사 | AQ17: 포장방법 | BA17: 이중비닐 | BY17: 업 태 | CH17: 제조 | CU17: 종 목 | DB17: 정포 임가공
A20: 인 수 처 | AQ20: 출 고 일 | BA20: 2026-07-14 | BY20: 전화번호 | CH20: 053)562-3410 FAX;053)562-0437
A23: 비 고 | K23: / 태일무역/효성 (0707) | DL23: Page : 1 / 1
A27: Color Name | AC27: Roll | AH27: Gross | AR27: Net | BB27: Loss | BI27: Weight
A30: 1 )4 재색 ASH | AC30: 9 | AH30: 450 | AR30: 450 | BI30: 64.75
A33: 2 )R 남색 NAVY | AC33: 13 | AH33: 544 | AR33: 542 | BB33: 2 | BI33: 78.1
A36: T O T A L --> | AC36: 22 | AH36: 994 | AR36: 992 | BB36: 2 | BI36: 142.85
A39: Color Name | AC39: Roll | AH39: Gross | AR39: Net | BB39: Loss | BI39: Weight | BS39: CT/No | BZ39: R/No | CF39: Lot | CM39: Gross | CV39: Net | DE39: Loss | DL39: Grade | DQ39: Weight
A42: 1 )4 재색 ASH | AC42: 9 | AH42: 450 | AR42: 450 | BI42: 64.75 | BZ42: 1 | CF42: 1 | CM42: 51 | CV42: 51 | DL42: A | DQ42: 7.45
BZ45: 2 | CF45: 1 | CM45: 31 | CV45: 31 | DL45: A | DQ45: 4.15
BZ48: 3 | CF48: 1 | CM48: 54 | CV48: 54 | DL48: A | DQ48: 7.95
BZ51: 4 | CF51: 1 | CM51: 53 | CV51: 53 | DL51: A | DQ51: 7.65
BZ54: 5 | CF54: 1 | CM54: 51 | CV54: 51 | DL54: A | DQ54: 7.55
BZ57: 6 | CF57: 1 | CM57: 56 | CV57: 56 | DL57: A | DQ57: 7.75
BZ60: 7 | CF60: 1 | CM60: 51 | CV60: 51 | DL60: A | DQ60: 7.15
BZ63: 8 | CF63: 1 | CM63: 52 | CV63: 52 | DL63: A | DQ63: 7.55
BZ66: 9 | CF66: 1 | CM66: 51 | CV66: 51 | DL66: A | DQ66: 7.55
A69: 2 )R 남색 NAVY | AC69: 13 | AH69: 544 | AR69: 542 | BB69: 2 | BI69: 78.1 | BZ69: 1 | CF69: 1 | CM69: 30 | CV69: 30 | DL69: A | DQ69: 4.45
BZ72: 2 | CF72: 1 | CM72: 46 | CV72: 46 | DL72: A | DQ72: 6.95
BZ75: 4 | CF75: 1 | CM75: 16 | CV75: 14 | DE75: 2 | DL75: A | DQ75: 2.7
BZ78: 5 | CF78: 1 | CM78: 42 | CV78: 42 | DL78: A | DQ78: 6.15
BZ81: 6 | CF81: 1 | CM81: 31 | CV81: 31 | DL81: A | DQ81: 4.25
BZ84: 7 | CF84: 1 | CM84: 52 | CV84: 52 | DL84: A | DQ84: 7.35
BZ87: 8 | CF87: 1 | CM87: 68 | CV87: 68 | DL87: A | DQ87: 9.65
BZ90: 9 | CF90: 1 | CM90: 46 | CV90: 46 | DL90: A | DQ90: 6.7
BZ93: 10 | CF93: 1 | CM93: 48 | CV93: 48 | DL93: A | DQ93: 6.7
BZ96: 11 | CF96: 1 | CM96: 55 | CV96: 55 | DL96: A | DQ96: 8.05
BZ99: 12 | CF99: 1 | CM99: 23 | CV99: 23 | DL99: A | DQ99: 3.15
BZ102: 13 | CF102: 1 | CM102: 30 | CV102: 30 | DL102: A | DQ102: 4.15
BZ105: 14 | CF105: 1 | CM105: 57 | CV105: 57 | DL105: A | DQ105: 7.85
A126: (주)유일전산 ☎ (02) 761-0758 섬유업체 S/W 개발전문업체 | BP126: 출력자 : 김희정 2026-07-14 오전 9:41:29

Sheet 제니스_중국분2
B1: 출고송장 (260626-2003,상차-1) | BY1: 상 호 | CH1: (주)케이에스케이대구지점
A6: 매 출 처 | K6: (주)제니스에프앤에이 | AQ6: 오 다 량 | BA6: 1,045.00 Mts
BY7: 등록번호 | CH7: 503-85-11473 | DB7: 성 명 | DH7: 고한식
A9: 오다번호 스타일NO | K9: 4502940779_x000D_ BF6964C20 | AQ9: 출 고 량 | BA9: 1,091.00 Mts
BY11: 주 소 | CH11: 대구광역시 서구 와룡로 70길 16-6
A13: 품 명 | K13: F12-BF6D05 CT 100 | AQ13: 오다/검사폭 | BA13: 106.00/113.00 Cm
A17: 바 이 어 | K17: 삼성물산-완사 | AQ17: 포장방법 | BA17: 이중비닐 | BY17: 업 태 | CH17: 제조 | CU17: 종 목 | DB17: 정포 임가공
A20: 인 수 처 | AQ20: 출 고 일 | BA20: 2026-07-14 | BY20: 전화번호 | CH20: 053)562-3410 FAX;053)562-0437
A23: 비 고 | K23: / 태일무역/효성 (0603) | DL23: Page : 1 / 1
A27: Color Name | AC27: Roll | AH27: Gross | AR27: Net | BB27: Loss | BI27: Weight
A30: 1 )6 빨간색 RED | AC30: 7 | AH30: 616 | AR30: 615.25 | BB30: 0.75 | BI30: 84.25
A33: 2 )M 녹색 GREEN | AC33: 6 | AH33: 476 | AR33: 475.75 | BB33: 0.25 | BI33: 66.9
A36: T O T A L --> | AC36: 13 | AH36: 1092 | AR36: 1091 | BB36: 1 | BI36: 151.15
A39: Color Name | AC39: Roll | AH39: Gross | AR39: Net | BB39: Loss | BI39: Weight | BS39: CT/No | BZ39: R/No | CF39: Lot | CM39: Gross | CV39: Net | DE39: Loss | DL39: Grade | DQ39: Weight
A42: 1 )6 빨간색 RED | AC42: 7 | AH42: 616 | AR42: 615.25 | BB42: 0.75 | BI42: 84.25 | BZ42: 1 | CF42: 1 | CM42: 47 | CV42: 47 | DL42: A | DQ42: 6.45
BZ45: 2 | CF45: 1 | CM45: 76 | CV45: 75.75 | DE45: 0.25 | DL45: A | DQ45: 10.45
BZ48: 3 | CF48: 1 | CM48: 106 | CV48: 106 | DL48: A | DQ48: 14.4
BZ51: 4 | CF51: 1 | CM51: 111 | CV51: 111 | DL51: A | DQ51: 15.2
BZ54: 5 | CF54: 1 | CM54: 138 | CV54: 137.5 | DE54: 0.5 | DL54: A | DQ54: 18.9
BZ57: 6 | CF57: 1 | CM57: 93 | CV57: 93 | DL57: A | DQ57: 12.6
BZ60: 7 | CF60: 1 | CM60: 45 | CV60: 45 | DL60: A | DQ60: 6.25
A63: 2 )M 녹색 GREEN | AC63: 6 | AH63: 476 | AR63: 475.75 | BB63: 0.25 | BI63: 66.9 | BZ63: 1 | CF63: 1 | CM63: 47 | CV63: 47 | DL63: A | DQ63: 6.9
BZ66: 2 | CF66: 1 | CM66: 107 | CV66: 107 | DL66: A | DQ66: 14.85
BZ69: 3 | CF69: 1 | CM69: 48 | CV69: 48 | DL69: A | DQ69: 6.85
BZ72: 4 | CF72: 1 | CM72: 100 | CV72: 99.75 | DE72: 0.25 | DL72: A | DQ72: 14.3
BZ75: 5 | CF75: 1 | CM75: 139 | CV75: 139 | DL75: A | DQ75: 19.2
BZ78: 6 | CF78: 1 | CM78: 35 | CV78: 35 | DL78: A | DQ78: 4.8
A126: (주)유일전산 ☎ (02) 761-0758 섬유업체 S/W 개발전문업체 | BP126: 출력자 : 김희정 2026-07-14 오전 9:42:55

Sheet 자이언트
A1: 패킹리스트
A3: C/T NO | B3: STYLE NO | C3: 자재명 | D3: SIZE | E3: 칼라 | F3: 수량 | G3: 무게 | H3: 단가
A4: JT-1 | B4: BF6X27C51 | C4: 비침방지 | D4: 44" | E4: 1966 (ASH) | F4: 221 | G4: 68 | H4: 1600
A5: JT-2 | B5: BF6X27C51 | C5: 비침방지 | D5: 44" | E5: 1966 (ASH) | F5: 300 | G5: 68 | H5: 1600
A6: JT-3 | B6: BF6X27C51 | C6: 비침방지 | D6: 44" | E6: 1966 (ASH) | F6: 232 | G6: 68 | H6: 1600
A7: JT-4 | B7: BF6X27C51 | C7: 비침방지 | D7: 44" | E7: 1844-1 (브라운) | F7: 200 | G7: 68 | H7: 1600
A8: JT-5 | B8: BF6X27C51 | C8: 비침방지 | D8: 44" | E8: 1844-1 (브라운) | F8: 246 | G8: 68 | H8: 1600
A9: JT-6 | B9: BF6X21C62 | C9: 비침방지 | D9: 44" | E9: 1844-1 (브라운) | F9: 302 | G9: 68 | H9: 1600
A10: JT-7 | B10: BF6X21C62 | C10: 비침방지 | D10: 44" | E10: 1844-1 (브라운) | F10: 302 (중국) | G10: 68 | H10: 1600
A11: JT-8 | B11: BF6X21C63 | C11: 비침방지 | D11: 44" | E11: 1967(검) (ASH) | F11: 364 | G11: 68 | H11: 1600
A12: JT-9 | B12: BF6X21C62 | C12: T/C | D12: 44" | E12: 1179 (브라운) | F12: 76 | G12: 103 | H12: 1350
B13: BF6X21C52 | C13: T/C | D13: 44" | E13: 1005 (아이) | F13: 85 | G13: 103 | H13: 1350
A14: JT-10 | B14: BF6X21C52 | C14: T/C | D14: 44" | E14: BK | F14: 210 | G14: 103 | H14: 1350
A15: JT-11 | B15: BF6X21C51 | C15: T/C | D15: 44" | E15: BK | F15: 220 | G15: 103 | H15: 1350
A16: JT-12 | B16: BF6X21C52 | C16: T/C | D16: 44" | E16: 1351(검) (ASH) | F16: 252 | G16: 103 | H16: 1350
A17: JT-13 | B17: BF6X21C51 | C17: T/C | D17: 44" | E17: 1351(검) (브라운) | F17: 132 | G17: 103 | H17: 1350
A18: JT-14 | B18: BF6X21C51 | C18: T/C | D18: 44" | E18: 1351(검) (브라운) | F18: 45 (중국) | G18: 103 | H18: 1350
B19: BF6X21Y51 | C19: T/C | D19: 44" | E19: 1346 (네이비) | F19: 77 (중국) | G19: 103 | H19: 1350
B20: BF6X21C62 | C20: T/C | D20: 44" | E20: 1179 (브라운) | F20: 29 (중국) | G20: 103 | H20: 1350
A21: JT-15 | B21: BF6X27C51 | C21: 비침방지 | D21: 44" | E21: 1844-1 (브라운) | F21: 70 (중국) | G21: 68 | H21: 1600
C22: 비침방지 | D22: 44" | E22: 1966 (ASH) | F22: 140 (중국) | G22: 68 | H22: 1600
B23: BF6X21C52 | C23: T/C | D23: 44" | E23: 1351 (ASH) | F23: 53 (중국) | G23: 103 | H23: 1350
A24: JT-16 | B24: 356X11WC1 | C24: 투일 | D24: 60" | E24: BK | F24: 200 | G24: 102 | H24: 1400
A25: JT-17 | B25: 356X11WC1 | C25: 투일 | D25: 60" | E25: BK | F25: 200 | G25: 102 | H25: 1400
A26: JT-18 | B26: 356X11WC1 | C26: 투일 | D26: 60" | E26: BK | F26: 200 | G26: 102 | H26: 1400
A27: JT-19 | B27: 356X11WC1 | C27: 투일 | D27: 60" | E27: BK | F27: 200 | G27: 102 | H27: 1400
A28: JT-20 | B28: 356X11WC1 | C28: 투일 | D28: 60" | E28: BK (ASH) | F28: 200 | G28: 102 | H28: 1400
A29: JT-21 | B29: 356X11WC1 | C29: 투일 | D29: 60" | E29: BK (ASH) | F29: 200 | G29: 102 | H29: 1400
A30: JT-22 | B30: 356X11WC1 | C30: 투일 | D30: 60" | E30: BK (ASH) | F30: 175 | G30: 102 | H30: 1400
A31: JT-23 | B31: 356X11WC1 | C31: 투일 | D31: 60" | E31: BK | F31: 100 | G31: 102 | H31: 1400
A32: JT-24 | B32: 356X11WC1 | C32: 남자패드 | D32: 4mm | E32: BK | F32: 500 | G32: 17 | H32: 1000
A33: JT-25 | B33: 356X11WC1 | C33: 남자패드 | D33: 4mm | E33: BK | F33: 500 | G33: 17 | H33: 1000
A34: JT-26 | B34: 356X11WC1 | C34: 남자패드 | D34: 4mm | E34: BK | F34: 230 | G34: 17 | H34: 1000
A35: JT-27 | B35: BF6X21C51 | C35: 라이크라밴드 | D35: 38mm | E35: BK | F35: 19 | G35: 30 | H35: 600
A36: JT-28 | B36: KM269OPT006M | C36: T/C | D36: 44" | E36: 9036 (베이지) | F36: 109 | G36: 103 | H36: 1500
C37: T/C | D37: 44" | E37: 1277 (버건디) | F37: 53 | G37: 103 | H37: 1500
A38: JT-29 | B38: KM269OPT006M | C38: T/C | D38: 44" | E38: BK | F38: 142 | G38: 103 | H38: 1500
A39: JT-30 | B39: BF6X21C52 | C39: 에프론지퍼 | D39: 9" | E39: BK | F39: 2240 | G39: 6 | H39: 240
C40: 에프론지퍼 | D40: 9" | E40: 아이 | F40: 405 | G40: 6 | H40: 240
B41: BF6X21C63 | C41: 에프론지퍼 | D41: 9" | E41: BK | F41: 510 | G41: 6 | H41: 240
B42: BF6X21C62 | C42: 에프론지퍼 | D42: 9" | E42: 브라운 | F42: 405 | G42: 6 | H42: 240
A43: JT-31 | B43: BF6X27C51 | C43: 망사혼솔 | D43: 10" | E43: ASH | F43: 1090 | G43: 5 | H43: 380
C44: 망사혼솔 | D44: 10" | E44: 브라운 | F44: 645 | G44: 5 | H44: 380
C45: 걸고리 (검침) | D45: 1호 | E45: 흑니켈 | F45: 1,750 (공용) | G45: 0.5g | H45: 35
B46: BF6X21C51 | C46: 에프론지퍼 | D46: 9" | E46: BK | F46: 1020 | G46: 6 | H46: 240
C47: 에프론지퍼 | D47: 9" | E47: 브라운 | F47: 610 | G47: 6 | H47: 240
A48: JT-32 | B48: BF6X21C51 | C48: 라이크라밴드 | D48: 38mm | E48: BK | F48: 2 (중국) | G48: 30 | H48: 600
C49: 에프론지퍼 | D49: 9" | E49: 브라운 | F49: 205 (중국) | G49: 6 | H49: 240
B50: BF6X21Y51 | C50: 라이크라밴드 | D50: 38mm | E50: BK | F50: 4 (중국) | G50: 30 | H50: 600
C51: 에프론지퍼 | D51: 9" | E51: 네이비 | F51: 355 (중국) | G51: 6 | H51: 240
B52: BF6X27C51 | C52: 망사혼솔 | D52: 10" | E52: ASH | F52: 205 (중국) | G52: 5 | H52: 380
C53: 망사혼솔 | D53: 10" | E53: 브라운 | F53: 103 (중국) | G53: 5 | H53: 380
B54: BF6X21C62 | C54: 에프론지퍼 | D54: 9" | E54: 브라운 | F54: 153 (중국) | G54: 6 | H54: 240
B55: BF6X21C63 | C55: 에프론지퍼 | D55: 9" | E55: BK | F55: 103 (중국) | G55: 6 | H55: 240
B56: BF6X21C52 | C56: 에프론지퍼 | D56: 9" | E56: BK | F56: 255 (중국) | G56: 6 | H56: 240
A57: JT-33 | B57: BF6X21C63 | C57: T/C | D57: 44" | E57: 1349 (ASH) | F57: 91 | G57: 103 | H57: 1350
C58: T/C | D58: 44" | E58: 1349 (ASH) | F58: 19 (중국) | G58: 103 | H58: 1350
C59: 비침방지 | D59: 44" | E59: 1967 (ASH) | F59: 76 | G59: 68 | H59: 1600
C64: 자이언트
B65: 종로구 종로6가 261-1 은하수빌딩 4층 401호
C66: T.02-2277-5320

Sheet 아즈텍_중국분
B1: 출고송장 (260624-1002,상차-2) | BY1: 상 호 | CH1: (주)케이에스케이
A6: 매 출 처 | K6: 삼성물산패션부문 | AQ6: 오 다 량 | BA6: 1,780.00 Mts
BY7: 등록번호 | CH7: 134-81-40056 | DB7: 성 명 | DH7: 고한식
A9: 오다번호 스타일NO | K9: 4502904441_x000D_ BF6X27C51 | AQ9: 출 고 량 | BA9: 348.00 Mts
BY11: 주 소 | CH11: 경기도 시흥시 협력로 175 (정왕동, 시화공단1다 704)
A13: 품 명 | K13: F11-BF6C04 AW/98, PU/2 | AQ13: 오다/검사폭 | BA13: 133.00/133.00 Cm
A17: 바 이 어 | K17: 삼성물산패션부(빈폴레이디스 | AQ17: 포장방법 | BY17: 업 태 | CH17: 제조,부동산 | CU17: 종 목 | DB17: 정포임가공,임대
A20: 인 수 처 | K20: 태일무역 | AQ20: 출 고 일 | BA20: 2026-07-15 | BY20: 전화번호 | CH20: 031)499-6581~3 Fax : 031)499-6584
A23: 비 고 | K23: 금천구 가산디지털2로115 대륭3차715호 010-7771-1085 / 안산퀵/아즈텍청구 (0111) | DL23: Page : 1 / 1
A27: Color Name | AC27: Roll | AH27: Gross | AR27: Net | BB27: Loss | BI27: Weight
A30: 1 )4-ASH(재색) | AC30: 5 | AH30: 349 | AR30: 348 | BB30: 1 | BI30: 105.7
A33: T O T A L --> | AC33: 5 | AH33: 349 | AR33: 348 | BB33: 1 | BI33: 105.7
A36: Color Name | AC36: Roll | AH36: Gross | AR36: Net | BB36: Loss | BI36: Weight | BS36: CT/No | BZ36: R/No | CF36: Lot | CM36: Gross | CV36: Net | DE36: Loss | DL36: Grade | DQ36: Weight
A39: 1 )4-ASH(재색) | AC39: 5 | AH39: 349 | AR39: 348 | BB39: 1 | BI39: 105.7 | BZ39: 21 | CF39: 1 | CM39: 53 | CV39: 53 | DL39: A | DQ39: 16.1
BZ42: 22 | CF42: 1 | CM42: 34 | CV42: 34 | DL42: A | DQ42: 10.4
BZ45: 23 | CF45: 1 | CM45: 88 | CV45: 88 | DL45: A | DQ45: 26.4
BZ48: 24 | CF48: 1 | CM48: 87 | CV48: 86 | DE48: 1 | DL48: A | DQ48: 26.25
BZ51: 25 | CF51: 1 | CM51: 87 | CV51: 87 | DL51: A | DQ51: 26.55
A126: (주)유일전산 ☎ (02) 761-0758 섬유업체 S/W 개발전문업체 | BP126: 출력자 : 김정은 2026-07-15 오전 8:56:55

Sheet 봅_중국분1
B1: 마대 PACKING LIST (260609-1041,상차-1)
A6: SHIPPER | K6: 봅텍스타일 | AU6: ORDER Q'TY | BE6: 188.00 Mts
A9: ORDER NO STYLE NO | K9: BF6X21C62_x000D_ BTM2606-111 | AU9: S/Q'TY | BE9: 175.75 Mts
A13: ITEM | K13: WWA054KN 카도르 | AU13: WIDTH | BE13: 143.00/145.00 Cm
A17: BUYER | K17: 삼성물산(빈폴레이디스 | AU17: BOX SIZE | BE17: 마대-1800*450
A20: ATTN | K20: 태일무역 기성간실장님 | AU20: S/DATE | BE20: 2026-07-15
A23: REMARK | K23: 금천구 가산디지털2로 대륭테크노타운 3차 715호 010-7772-6918 / 안산퀵 | DL23: Page : 1 / 1
F27: Color Name | AH27: Roll | AM27: Gross | AX27: Net | BI27: Loss | BQ27: Weight
F30: 1 )BROWN_K00859 | AH30: 4 | AM30: 178 | AX30: 175.75 | BI30: 2.25 | BQ30: 53.1
F33: T O T A L --> | AH33: 4 | AM33: 178 | AX33: 175.75 | BI33: 2.25 | BQ33: 53.1
A36: B/No | F36: Color Name | AH36: Roll | AM36: Gross | AX36: Net | BI36: Loss | BQ36: Weight | CB36: R/No | CH36: Lot | CO36: Gross | CW36: Net | DE36: Loss | DL36: Grade | DQ36: Weight
A39: BOB-1 | F39: 1 )BROWN_K00859 | AH39: 1 | AM39: 55 | AX39: 53.25 | BI39: 1.75 | BQ39: 16.7 | CB39: 4 | CH39: 1 | CO39: 55 | CW39: 53.25 | DE39: 1.75 | DL39: A | DQ39: 16.7
F42: Box Total --> | AH42: 1 | AM42: 55 | AX42: 53.25 | BI42: 1.75 | BQ42: 16.7
A45: 2 | F45: 1 )BROWN_K00859 | AH45: 1 | AM45: 50 | AX45: 50 | BQ45: 15.35 | CB45: 3 | CH45: 1 | CO45: 50 | CW45: 50 | DL45: A | DQ45: 15.35
F48: Box Total --> | AH48: 1 | AM48: 50 | AX48: 50 | BQ48: 15.35
A51: 3 | F51: 1 )BROWN_K00859 | AH51: 2 | AM51: 73 | AX51: 72.5 | BI51: 0.5 | BQ51: 21.05 | CB51: 1 | CH51: 1 | CO51: 22 | CW51: 22 | DL51: A | DQ51: 7.7
CB54: 2 | CH54: 1 | CO54: 51 | CW54: 50.5 | DE54: 0.5 | DL54: A | DQ54: 13.35
F57: Box Total --> | AH57: 2 | AM57: 73 | AX57: 72.5 | BI57: 0.5 | BQ57: 21.05
F60: Box Count ==> | AH60: 3
A126: (주)유일전산 ☎ (02) 761-0758 섬유업체 S/W 개발전문업체 | BP126: 출력자 : 장영옥과장 2026-07-14 오전 9:23:26

Sheet 봅_중국분2
B1: 마대 PACKING LIST (260529-1003,상차-1)
A6: SHIPPER | K6: 봅텍스타일 | AU6: ORDER Q'TY | BE6: 129.00 Mts
A9: ORDER NO STYLE NO | K9: BTM2605-297 | AU9: S/Q'TY | BE9: 129.75 Mts
A13: ITEM | K13: WWA054KN 카도르 | AU13: WIDTH | BE13: 143.00/146.00 Inch
A17: BUYER | K17: 삼성물산(빈폴레이디스 | AU17: BOX SIZE | BE17: 마대-1800*450
A20: ATTN | K20: 태일무역 기성간실장님 | AU20: S/DATE | BE20: 2026-07-15
A23: REMARK | K23: 금천구 가산디지털2로 대륭테크노타운 3차 715호 010-7772-6918 / 안산퀵 | DL23: Page : 1 / 1
F27: Color Name | AH27: Roll | AM27: Gross | AX27: Net | BI27: Loss | BQ27: Weight
F30: 1 )PHANTOM-M | AH30: 3 | AM30: 131 | AX30: 129.75 | BI30: 1.25 | BQ30: 40.3
F33: T O T A L --> | AH33: 3 | AM33: 131 | AX33: 129.75 | BI33: 1.25 | BQ33: 40.3
A36: B/No | F36: Color Name | AH36: Roll | AM36: Gross | AX36: Net | BI36: Loss | BQ36: Weight | CB36: R/No | CH36: Lot | CO36: Gross | CW36: Net | DE36: Loss | DL36: Grade | DQ36: Weight
A39: BOB-4 | F39: 1 )PHANTOM-M | AH39: 1 | AM39: 39 | AX39: 38 | BI39: 1 | BQ39: 12.15 | CB39: 3 | CH39: 1 | CO39: 39 | CW39: 38 | DE39: 1 | DL39: A | DQ39: 12.15
F42: Box Total --> | AH42: 1 | AM42: 39 | AX42: 38 | BI42: 1 | BQ42: 12.15
A45: 5 | F45: 1 )PHANTOM-M | AH45: 1 | AM45: 48 | AX45: 47.75 | BI45: 0.25 | BQ45: 14.7 | CB45: 2 | CH45: 1 | CO45: 48 | CW45: 47.75 | DE45: 0.25 | DL45: A | DQ45: 14.7
F48: Box Total --> | AH48: 1 | AM48: 48 | AX48: 47.75 | BI48: 0.25 | BQ48: 14.7
A51: 6 | F51: 1 )PHANTOM-M | AH51: 1 | AM51: 44 | AX51: 44 | BQ51: 13.45 | CB51: 1 | CH51: 1 | CO51: 44 | CW51: 44 | DL51: A | DQ51: 13.45
F54: Box Total --> | AH54: 1 | AM54: 44 | AX54: 44 | BQ54: 13.45
F57: Box Count ==> | AH57: 3
A126: (주)유일전산 ☎ (02) 761-0758 섬유업체 S/W 개발전문업체 | BP126: 출력자 : 장영옥과장 2026-07-14 오전 9:24:44

Sheet MATERIAL PACKING LIST 06-01 (5)
A1: Material Actual Packing List
G3: <SHIP 선적일> : 2026년 7月17日
G5: SHIP 선적지 : 한국 태일무역
G6: SHIP 도착지 : 베트남 태일비나
A8: CT / No. | B8: Style No. | C8: Color | D8: Size | E8: R/NO | F8: LOT | G8: Q`ty | H8: Item | I8: Kg | J8: 단가
A9: T.I-274 | B9: BF6X21C52 | C9: 4 | G9: 250 | H9: 중국분 메인라벨
B10: BF6X27C51 | C10: 4 | G10: 215
B11: BF6X27C51 | C11: D | G11: 110
B12: BF6X21C51 | C12: 5 | G12: 975 | H12: 국내분 메인라벨
B13: BF6X21C52 | C13: 0 | G13: 396
C14: 4 | G14: 1208
C15: 5 | G15: 1023
B16: BF6X27C51 | C16: 4 | G16: 1075
B17: BF6X27C51 | C17: D | G17: 637
B18: BF6X21C51 | C18: 5 | G18: 1007 | H18: 케어라벨
C19: 5 | G19: 1007 | H19: 가격택
B20: BF6X21C52 | C20: 0 | G20: 410 | H20: 케어라벨
C21: 0 | G21: 410 | H21: 가격택
C22: 4 | G22: 1245 | H22: 케어라벨
C23: 4 | G23: 1245 | H23: 가격택
C24: 5 | G24: 1055 | H24: 케어라벨
C25: 5 | G25: 1055 | H25: 가격택
B26: BF6X21E12 | C26: NAVY | D26: 15MM | G26: 1570 | H26: 단추 | J26: 140
C27: BROWN | D27: 15MM | G27: 1840
A28: T.I-275 | B28: 356911CC3 | C28: BROWN | D28: 23MM | G28: 1620 | H28: 단추 | I28: 3 | J28: 53
C29: BLACK | D29: 9MM | G29: 1620 | J29: 10
B30: 356X11WC1 | C30: BLACK | D30: 20MM | G30: 7300 | H30: 단추 | J30: 70
A31: T.I-276 | B31: KM269OPT006M | C31: BLACK | E31: 6 | G31: 35 | H31: 원단
A32: T.I-277 | E32: 9 | G32: 30
A33: T.I-278 | E33: 14 | G33: 32
A34: T.I-279 | E34: 11 | G34: 37
A35: T.I-280 | E35: 5 | G35: 30
A36: T.I-281 | E36: 2 | G36: 32
A37: T.I-282 | E37: 13 | G37: 29
A38: T.I-283 | E38: 10 | G38: 24
A39: T.I-284 | E39: 7 | G39: 37
A40: T.I-285 | E40: 8 | G40: 26
A41: T.I-286 | E41: 1 | G41: 26
A42: T.I-287 | E42: 4 | G42: 41
A43: T.I-288 | E43: 3 | G43: 27
A44: T.I-289 | E44: 12 | G44: 36
A45: T.I-290 | C45: BEIGE | E45: 7 | G45: 36
A46: T.I-291 | E46: 9 | G46: 36
A47: T.I-292 | E47: 1 | G47: 37
A48: T.I-293 | E48: 10 | G48: 27
A49: T.I-294 | E49: 6 | G49: 29
A50: T.I-295 | E50: 11 | G50: 35
A51: T.I-296 | E51: 3 | G51: 29
A52: T.I-297 | E52: 5 | G52: 30
A53: T.I-298 | E53: 8 | G53: 33
A54: T.I-299 | E54: 4 | G54: 32
A55: T.I-300 | E55: 2 | G55: 31
A56: T.I-301 | C56: BURGUNDY | E56: 5 | G56: 37
A57: T.I-302 | E57: 6 | G57: 22
A58: T.I-303 | E58: 2 | G58: 27
A59: T.I-304 | E59: 1 | G59: 24
A60: T.I-305 | E60: 3 | G60: 24
A61: T.I-306 | E61: 4 | G61: 36
