Workbook
Name ____________________cao1: #REF!
Name ____________________cao2: #REF!
Name ____________________cao3: #REF!
Name ____________________cao4: #REF!
Name ____________________cao5: #REF!
Name ____________________cao6: #REF!
Name ____________________dai1: #REF!
Name ____________________dai2: #REF!
Name ____________________dai3: #REF!
Name ____________________dai4: #REF!
Name ____________________dai5: #REF!
Name ____________________dai6: #REF!
Name ____________________dan1: #REF!
Name ____________________dan2: #REF!
Name ____________________phi10: #REF!
Name ____________________phi12: #REF!
Name ____________________phi14: #REF!
Name ____________________phi16: #REF!
Name ____________________phi18: #REF!
Name ____________________phi20: #REF!
Name ____________________phi22: #REF!
Name ____________________phi25: #REF!
Name ____________________phi28: #REF!
Name ____________________phi6: #REF!
Name ____________________phi8: #REF!
Name ____________________slg1: #REF!
Name ____________________slg2: #REF!
Name ____________________slg3: #REF!
Name ____________________slg4: #REF!
Name ____________________slg5: #REF!
Name ____________________slg6: #REF!
Name ___________________cao1: #REF!
Name ___________________cao2: #REF!
Name ___________________cao3: #REF!
Name ___________________cao4: #REF!
Name ___________________cao5: #REF!
Name ___________________cao6: #REF!
Name ___________________dai1: #REF!
Name ___________________dai2: #REF!
Name ___________________dai3: #REF!
Name ___________________dai4: #REF!
Name ___________________dai5: #REF!
Name ___________________dai6: #REF!
Name ___________________dan1: #REF!
Name ___________________dan2: #REF!
Name ___________________phi10: #REF!
Name ___________________phi12: #REF!
Name ___________________phi14: #REF!
Name ___________________phi16: #REF!
Name ___________________phi18: #REF!
Name ___________________phi20: #REF!
Name ___________________phi22: #REF!
Name ___________________phi25: #REF!
Name ___________________phi28: #REF!
Name ___________________phi6: #REF!
Name ___________________phi8: #REF!
Name ___________________slg1: #REF!
Name ___________________slg2: #REF!
Name ___________________slg3: #REF!
Name ___________________slg4: #REF!

Sheet IV FOB
A1: COMMERCIAL INVOICE
A2: Shipper/Exporter | E2: Invoice No. | F2: TYVN2026-21
A3: TAE IL VN COMPANY LIMITED | E3: Date of Invoice | F3: 16/07/2026
A4: PHU TAI II HAMLET, AN THANH COMMUNE, HAI PHONG CITY, VIET NAM
A5: TEL: +84.02203950668
A6: Consignee
A7: TAE IL TRADING CO.,LTD | E7: FOB HAIPHONG
A8: 7F 715, DAERYUNG TECHNO TOWN 3 CHA GASAN-DONG GEUMCHEON-GU,SEOUL,KOREA
A9: TEL : 02-858-0150/ FAX : 02-858-0152
A10: Notify Party/applicant
A11: TAE IL TRADING CO.,LTD
A12: 7F 715, DAERYUNG TECHNO TOWN 3 CHA GASAN-DONG GEUMCHEON-GU,SEOUL,KOREA
A13: Port of Loading | C13: Final Destination | E13: *MADE IN VIET NAM
A14: HAIPHONG, VIETNAM | C14: INCHEON , KOREA
A15: Carrier
A16: BY SEA
A17: Vessel | C17: Departure date
A18: STARSHIP TAURUS 2613N | C18: 19/07/2026
A19: CONTAIER/SEAL: SEGU2499984/KMB707772/20"DC
A20: Description | B20: Style No. | C20: Quantity (PCS) | D20: Unit | E20: Fob /Price | F20: Amount | G20: HS CODE
A21: WOMEN'S PANTS | B21: LB69SLM102Z | C21: 186 | D21: PCS | E21: 11.04 | F21: =E21*C21 -> 2053.44 | G21: 62046300 | H21: 1
A22: WOMEN'S PANTS | B22: LB69SLM104Z | C22: 191 | D22: PCS | E22: 10.18 | F22: =E22*C22 -> 1944.38 | G22: 62046300 | H22: 2
A23: WOMEN'S PANTS | B23: LB69SLM105Z | C23: 102 | D23: PCS | E23: 9.35 | F23: =E23*C23 -> 953.7 | G23: 62046300 | H23: 3
A24: WOMEN'S PANTS | B24: VB69SLM103Z | C24: 296 | D24: PCS | E24: 12.07 | F24: =E24*C24 -> 3572.72 | G24: 62046300 | H24: 4
A25: WOMEN'S PANTS | B25: LB69SLM101A | C25: 186 | D25: PCS | E25: 12.17 | F25: =E25*C25 -> 2263.62 | G25: 62046300 | H25: 5
A26: WOMEN'S SKIRT | B26: LB69SKM101Z | C26: 184 | D26: PCS | E26: 11.13 | F26: =E26*C26 -> 2047.92 | G26: 62045300 | H26: 6
A27: WOMEN'S BLOUSE | B27: LB69BLM102Z | C27: 275 | D27: PCS | E27: 11 | F27: =E27*C27 -> 3025 | G27: 62064020 | H27: 7
A28: WOMEN'S JACKET | B28: MB6YHMP104Z | C28: 1344 | D28: PCS | E28: 20.98 | F28: =E28*C28 -> 28197.12 | G28: 62043100 | H28: 8
A29: WOMEN'S DRESS | B29: DR0G6D02 | C29: 323 | D29: PCS | E29: 18.06 | F29: =E29*C29 -> 5833.38 | G29: 62044400 | H29: 9
A30: WOMEN'S DRESS | B30: DR0H6D01 | C30: 180 | D30: PCS | E30: 14.18 | F30: =E30*C30 -> 2552.4 | G30: 62044400 | H30: 10
A31: WOMEN'S SKIRT | B31: SK0H3D01 | C31: 200 | D31: PCS | E31: 11.08 | F31: =E31*C31 -> 2216 | G31: 62045990 | H31: 11
A32: WOMEN'S PANTS | B32: BF6821C52 | C32: 403 | D32: PCS | E32: 12.12 | F32: =E32*C32 -> 4884.36 | G32: 62046100 | H32: 12
A33: WOMEN'S PANTS | B33: BF6821C54 | C33: 491 | D33: PCS | E33: 11.49 | F33: =E33*C33 -> 5641.59 | G33: 62046300 | H33: 13
A34: TOTAL | C34: =+SUM(C21:C33) -> 4361 | F34: =+SUM(F21:F33) -> 65185.63
C45: Signed by:
C46: TAE IL VN COMPANY LIMITED

Sheet IV CMT
A1: PROCESSING INVOICE
A2: Shipper/Exporter | E2: Invoice No: Date : | F2: ='IV FOB'!F2 -> TYVN2026-21
A3: TAE IL VN COMPANY LIMITED | E3: Date of Invoice | F3: ='IV FOB'!F3 -> 16/07/2026
A4: PHU TAI II HAMLET, AN THANH COMMUNE, HAI PHONG CITY, VIET NAM
A5: TEL: +84.02203950668
A6: Consignee | E6: L/C NO&DATE/ PAYMENT: T/T
A7: TAE IL TRADING CO.,LTD
A8: 7F 715, DAERYUNG TECHNO TOWN 3 CHA GASAN-DONG GEUMCHEON-GU,SEOUL,KOREA
A9: TEL : 02-858-0150/ FAX : 02-858-0152
A10: Notify Party: | E10: TERM OF DELIVERY AND PAYMENT : FOB HAIPHONG, VIETNAM
A11: SAME AS CONSIGNEE
A13: Port of Loading | C13: Final Destination
A14: HAIPHONG, VIETNAM | C14: INCHEON , KOREA
A15: Carrier | E15: *MADE IN VIET NAM
A16: BY SEA
A17: Vessel | C17: Departure date
A18: =+'IV FOB'!A18 -> STARSHIP TAURUS 2613N | C18: =+'IV FOB'!C18 -> 19/07/2026
A19: ='IV FOB'!A19 -> CONTAIER/SEAL: SEGU2499984/KMB707772/20"DC
A20: Description | B20: Style No. | C20: Quantity (PCS) | D20: U/PRICE (CMT) | E20: Amount | F20: Remark
A21: ='IV FOB'!A21 -> WOMEN'S PANTS | B21: ='IV FOB'!B21 -> LB69SLM102Z | C21: ='IV FOB'!C21 -> 186 | D21: 4 | E21: =D21*C21 -> 744 | F21: 20.00 CBM | G21: 01
A22: ='IV FOB'!A22 -> WOMEN'S PANTS | B22: ='IV FOB'!B22 -> LB69SLM104Z | C22: ='IV FOB'!C22 -> 191 | D22: 4 | E22: =D22*C22 -> 764 | G22: 02
A23: ='IV FOB'!A23 -> WOMEN'S PANTS | B23: ='IV FOB'!B23 -> LB69SLM105Z | C23: ='IV FOB'!C23 -> 102 | D23: 4 | E23: =D23*C23 -> 408 | G23: 03
A24: ='IV FOB'!A24 -> WOMEN'S PANTS | B24: ='IV FOB'!B24 -> VB69SLM103Z | C24: ='IV FOB'!C24 -> 296 | D24: 4 | E24: =D24*C24 -> 1184 | G24: 04
A25: ='IV FOB'!A25 -> WOMEN'S PANTS | B25: ='IV FOB'!B25 -> LB69SLM101A | C25: ='IV FOB'!C25 -> 186 | D25: 4 | E25: =D25*C25 -> 744 | G25: 05
A26: ='IV FOB'!A26 -> WOMEN'S SKIRT | B26: ='IV FOB'!B26 -> LB69SKM101Z | C26: ='IV FOB'!C26 -> 184 | D26: 4 | E26: =D26*C26 -> 736 | G26: 06
A27: ='IV FOB'!A27 -> WOMEN'S BLOUSE | B27: ='IV FOB'!B27 -> LB69BLM102Z | C27: ='IV FOB'!C27 -> 275 | D27: 4 | E27: =D27*C27 -> 1100 | G27: 07
A28: ='IV FOB'!A28 -> WOMEN'S JACKET | B28: ='IV FOB'!B28 -> MB6YHMP104Z | C28: ='IV FOB'!C28 -> 1344 | D28: 10 | E28: =D28*C28 -> 13440 | G28: 08
A29: ='IV FOB'!A29 -> WOMEN'S DRESS | B29: ='IV FOB'!B29 -> DR0G6D02 | C29: ='IV FOB'!C29 -> 323 | D29: 5 | E29: =D29*C29 -> 1615 | G29: 10
A30: ='IV FOB'!A30 -> WOMEN'S DRESS | B30: ='IV FOB'!B30 -> DR0H6D01 | C30: ='IV FOB'!C30 -> 180 | D30: 6 | E30: =D30*C30 -> 1080 | G30: 11
A31: ='IV FOB'!A31 -> WOMEN'S SKIRT | B31: ='IV FOB'!B31 -> SK0H3D01 | C31: ='IV FOB'!C31 -> 200 | D31: 5.5 | E31: =D31*C31 -> 1100 | G31: 12
A32: ='IV FOB'!A32 -> WOMEN'S PANTS | B32: ='IV FOB'!B32 -> BF6821C52 | C32: ='IV FOB'!C32 -> 403 | D32: 6 | E32: =D32*C32 -> 2418 | G32: 13
A33: ='IV FOB'!A33 -> WOMEN'S PANTS | B33: ='IV FOB'!B33 -> BF6821C54 | C33: ='IV FOB'!C33 -> 491 | D33: 6 | E33: =D33*C33 -> 2946 | G33: 14
A34: TOTAL | C34: =+SUM(C21:C33) -> 4361 | E34: =+SUM(E21:E33) -> 28279 | F34: =F21 -> 20.00 CBM
C55: Signed by:
C56: TAE IL VN COMPANY LIMITED

Sheet PK
A1: PACKING LIST
A2: Shipper/Exporter | E2: Invoice No. | F2: ='IV FOB'!F2 -> TYVN2026-21
A3: =+'IV FOB'!A3 -> TAE IL VN COMPANY LIMITED | E3: =+'IV FOB'!E3 -> Date of Invoice | F3: ='IV FOB'!F3 -> 16/07/2026
A4: PHU TAI II HAMLET, AN THANH COMMUNE, HAI PHONG CITY, VIET NAM
A5: TEL: +84.02203950668
A6: Consignee
A7: =+'IV FOB'!A7 -> TAE IL TRADING CO.,LTD | E7: =+'IV FOB'!E7 -> FOB HAIPHONG
A8: =+'IV FOB'!A8 -> 7F 715, DAERYUNG TECHNO TOWN 3 CHA GASAN-DONG GEUMCHEON-GU,SEOUL,KOREA
A9: Notify Party/applicant
A10: =+'IV FOB'!A11 -> TAE IL TRADING CO.,LTD
A11: =+'IV FOB'!A12 -> 7F 715, DAERYUNG TECHNO TOWN 3 CHA GASAN-DONG GEUMCHEON-GU,SEOUL,KOREA
A12: Port of Loading | C12: Final Destination | E12: *MADE IN VIET NAM
A13: =+'IV FOB'!A14 -> HAIPHONG, VIETNAM | C13: INCHEON , KOREA
A14: Carrier
A15: =+'IV FOB'!A16 -> BY SEA
A16: Vessel | C16: Departure date
A17: =+'IV FOB'!A18 -> STARSHIP TAURUS 2613N | C17: =+'IV FOB'!C18 -> 19/07/2026
A19: ='IV FOB'!A19 -> CONTAIER/SEAL: SEGU2499984/KMB707772/20"DC
A20: Description | B20: Style No. | C20: Quantity (PCS) | D20: Packages | E20: Gross Weight (Kgs) | F20: Volume (Cbm)
A21: ='IV FOB'!A21 -> WOMEN'S PANTS | B21: ='IV FOB'!B21 -> LB69SLM102Z | C21: ='IV FOB'!C21 -> 186 | D21: HANGER | E21: =+C21*0.6 -> 111.6 | F21: 20 | G21: 01
A22: ='IV FOB'!A22 -> WOMEN'S PANTS | B22: ='IV FOB'!B22 -> LB69SLM104Z | C22: ='IV FOB'!C22 -> 191 | D22: HANGER | E22: =+C22*0.6 -> 114.6 | G22: 02
A23: ='IV FOB'!A23 -> WOMEN'S PANTS | B23: ='IV FOB'!B23 -> LB69SLM105Z | C23: ='IV FOB'!C23 -> 102 | D23: HANGER | E23: =+C23*0.6 -> 61.2 | G23: 03
A24: ='IV FOB'!A24 -> WOMEN'S PANTS | B24: ='IV FOB'!B24 -> VB69SLM103Z | C24: ='IV FOB'!C24 -> 296 | D24: HANGER | E24: =+C24*0.6 -> 177.6 | G24: 04
A25: ='IV FOB'!A25 -> WOMEN'S PANTS | B25: ='IV FOB'!B25 -> LB69SLM101A | C25: ='IV FOB'!C25 -> 186 | D25: HANGER | E25: =+C25*0.6 -> 111.6 | G25: 05
A26: ='IV FOB'!A26 -> WOMEN'S SKIRT | B26: ='IV FOB'!B26 -> LB69SKM101Z | C26: ='IV FOB'!C26 -> 184 | D26: HANGER | E26: =+C26*0.5 -> 92 | G26: 06
A27: ='IV FOB'!A27 -> WOMEN'S BLOUSE | B27: ='IV FOB'!B27 -> LB69BLM102Z | C27: ='IV FOB'!C27 -> 275 | D27: HANGER | E27: =+C27*0.3 -> 82.5 | G27: 07
A28: ='IV FOB'!A28 -> WOMEN'S JACKET | B28: ='IV FOB'!B28 -> MB6YHMP104Z | C28: ='IV FOB'!C28 -> 1344 | D28: HANGER | E28: =+C28*0.8 -> 1075.2 | G28: 08
A29: ='IV FOB'!A29 -> WOMEN'S DRESS | B29: ='IV FOB'!B29 -> DR0G6D02 | C29: ='IV FOB'!C29 -> 323 | D29: HANGER | E29: =+C29*0.8 -> 258.4 | G29: 10
A30: ='IV FOB'!A30 -> WOMEN'S DRESS | B30: ='IV FOB'!B30 -> DR0H6D01 | C30: ='IV FOB'!C30 -> 180 | D30: HANGER | E30: =+C30*0.5 -> 90 | G30: 11
A31: ='IV FOB'!A31 -> WOMEN'S SKIRT | B31: ='IV FOB'!B31 -> SK0H3D01 | C31: ='IV FOB'!C31 -> 200 | D31: HANGER | E31: =+C31*0.4 -> 80 | G31: 12
A32: ='IV FOB'!A32 -> WOMEN'S PANTS | B32: ='IV FOB'!B32 -> BF6821C52 | C32: ='IV FOB'!C32 -> 403 | D32: HANGER | E32: =+C32*0.55 -> 221.65 | G32: 13
A33: ='IV FOB'!A33 -> WOMEN'S PANTS | B33: ='IV FOB'!B33 -> BF6821C54 | C33: ='IV FOB'!C33 -> 491 | D33: HANGER | E33: =+C33*0.55 -> 270.05 | G33: 14
A34: TOTAL | C34: =+SUM(C21:C33) -> 4361 | E34: =+SUM(E21:E33) -> 2746.4 | F34: =F21 -> 20
C58: Signed by:
C59: TAE IL VN COMPANY LIMITED

Sheet 적재순
A1: DETAIL PACKING LIST(태일비나) | R1: ETD:7/19 20"FCL 26TY21
A3: ='IV FOB'!A19 -> CONTAIER/SEAL: SEGU2499984/KMB707772/20"DC | O3: ETD:2026.07.19
A4: 구분 | B4: STYLE NO | C4: COLOR | D4: BOX/ HANGER | E4: XS 55 0 25 | F4: S 66 2 26 | G4: M 77 4 27 | H4: L 88 6 28 | I4: XL 29 8 | J4: 8 | K4: 10 | L4: Free | M4: 소계 | N4: 계 | O4: 비 고 | P4: SPL
A5: 1*20"DC | B5: LB69SKM101Z | C5: DG | D5: HANGER | E5: 50 | F5: 44 | M5: =SUM(E5:L5) -> 94
A6: FCL | C6: MG | D6: HANGER | E6: 48 | F6: 42 | M6: =SUM(E6:L6) -> 90 | N6: =SUM(M5:M6) -> 184 | P6: 2 | Q6: 종결
B7: LB69SLM101A | C7: BK | D7: HANGER | E7: 50 | F7: =35+11 -> 46 | M7: =SUM(E7:L7) -> 96
C8: BR | D8: HANGER | E8: 46 | F8: =36+8 -> 44 | M8: =SUM(E8:L8) -> 90 | N8: =SUM(M7:M8) -> 186 | P8: 2 | Q8: 종결
B9: LB69SLM104Z | C9: BE | D9: HANGER | E9: 47 | F9: =38+8 -> 46 | M9: =SUM(E9:L9) -> 93
C10: BK | D10: HANGER | E10: 50 | F10: 48 | M10: =SUM(E10:L10) -> 98 | N10: =SUM(M9:M10) -> 191 | P10: 2 | Q10: 종결
B11: VB69SLM103Z | C11: BK | D11: HANGER | E11: 50 | F11: 46 | G11: 8 | M11: =SUM(E11:L11) -> 104
C12: BE | D12: HANGER | E12: =14+32 -> 46 | F12: 44 | G12: 6 | M12: =SUM(E12:L12) -> 96
C13: DG | D13: HANGER | E13: =15+30 -> 45 | F13: 43 | G13: 8 | M13: =SUM(E13:L13) -> 96 | N13: =SUM(M11:M13) -> 296 | P13: 3 | Q13: 종결
B14: LB69SLM102Z | C14: GR | D14: HANGER | E14: 52 | F14: 46 | M14: =SUM(E14:L14) -> 98
C15: BR | D15: HANGER | E15: =21+25 -> 46 | F15: 42 | M15: =SUM(E15:L15) -> 88 | N15: =SUM(M14:M15) -> 186 | P15: 2 | Q15: 종결
B16: LB69SLM105Z | C16: BK | D16: HANGER | E16: 50 | F16: 46 | G16: 6 | M16: =SUM(E16:L16) -> 102 | N16: =+M16 -> 102 | P16: 1 | Q16: 종결
B17: MB6YHMP104Z | C17: CA | D17: HANGER | E17: =37+49+69+73+78+75+28 -> 409 | F17: =62+70+68+39 -> 239 | M17: =SUM(E17:L17) -> 648
C18: MG | D18: HANGER | E18: =50+71+66+75+84+48+42 -> 436 | F18: =39+84+49+73+16 -> 261 | M18: =SUM(E18:L18) -> 697 | N18: =SUM(M17:M18) -> 1345 | P18: 2 | Q18: 종결
B19: LB69BLM102Z | C19: WH | D19: HANGER | E19: 49 | F19: 45 | M19: =SUM(E19:L19) -> 94
C20: LU | D20: HANGER | E20: 46 | F20: 43 | M20: =SUM(E20:L20) -> 89
C21: BL | D21: HANGER | E21: 48 | F21: 44 | M21: =SUM(E21:L21) -> 92 | N21: =SUM(M19:M21) -> 275 | P21: 3 | Q21: 종결
B22: SK0H3D01 | C22: BK | D22: HANGER | E22: 18 | F22: =86-6 -> 80 | G22: =96+6 -> 102 | M22: =SUM(E22:L22) -> 200 | N22: =+M22 -> 200 | Q22: 종결
B23: DR0G6D02 | C23: BK | D23: HANGER | E23: 71 | F23: =67+72+10 -> 149 | G23: =54+49 -> 103 | M23: =SUM(E23:L23) -> 323 | N23: =+M23 -> 323 | Q23: 종결
B24: DR0H6D01 | C24: BK | D24: HANGER | E24: 32 | F24: 78 | G24: 70 | M24: =SUM(E24:L24) -> 180 | N24: =+M24 -> 180 | P24: 1 | Q24: 종결
B25: BF6821C52 | C25: ASH | D25: HANGER | F25: 92 | G25: 103 | H25: 122 | I25: 92 | M25: =SUM(E25:L25) -> 409 | N25: =+M25 -> 409 | P25: 1 | Q25: 종결 | R25: 작은싸이즈부터 컨테이너 싣음
B26: BF6821C54 | C26: ASH | D26: HANGER | F26: 119 | G26: 139 | H26: 124 | I26: 113 | M26: =SUM(E26:L26) -> 495 | N26: =+M26 -> 495 | P26: 1 | Q26: 종결 | R26: 작은싸이즈부터 컨테이너 싣음
D27: HANGER | M27: =SUM(E27:L27) -> 0
D28: HANGER | M28: =SUM(E28:L28) -> 0
D29: HANGER | M29: =SUM(E29:L29) -> 0
D30: HANGER | M30: =SUM(E30:L30) -> 0
D31: HANGER | M31: =SUM(E31:L31) -> 0
D32: HANGER | M32: =SUM(E32:L32) -> 0
D33: HANGER | M33: =SUM(E33:L33) -> 0
D34: HANGER | M34: =SUM(E34:L34) -> 0
D35: HANGER | M35: =SUM(E35:L35) -> 0
D36: HANGER | M36: =SUM(E36:L36) -> 0
D37: HANGER | M37: =SUM(E37:L37) -> 0
D38: HANGER | M38: =SUM(E38:L38) -> 0
A39: TOTAL | M39: =SUM(M5:M38) -> 4372 | N39: =SUM(N5:N38) -> 4372 | P39: =SUM(P5:P38) -> 20
M40: SPL | N40: =+P39 -> 20
M41: 계 | N41: =+N40+N39 -> 4392

Sheet Sheet1
A1: 01 | B1: MB64SKM103Z | C1: WOMEN'S SKIRT | D1: POLYESTER 97% , POLYURETHANE 3% | E1: PCE | F1: 6204.53.0000
A2: 02 | B2: MB64SLM123Z | C2: WOMEN'S PANTS | D2: POLYESTER 97% , POLYURETHANE 3% | E2: PCE | F2: 6204.63.0000
A3: 03 | B3: VB65BLM108Z | C3: WOMEN'S BLOUSE | D3: POLYESTER 79% , RAYON 21% | E3: PCE | F3: 6206.40.1000
A4: 04 | B4: LB65BLM108Z | C4: WOMEN'S BLOUSE | D4: POLYESTER 79% , RAYON 21% | E4: PCE | F4: 6206.40.1000
A5: 01 | B5: 26SOT14 | C5: WOMEN'S JUMPER | D5: NYLON 100% | E5: PCE | F5: 6211.43.1000
A6: 02 | B6: 26STP05 | C6: WOMEN'S BLOUSE | D6: COTTON 43% , POLYESTER 44% , NYLON 13% | E6: PCE | F6: 6206.40.1000
A7: 03 | B7: 26SBT13 | C7: WOMEN'S PANTS | D7: RAYON 65% , NYLON 29% , POLYURETHANE 6% | E7: PCE | F7: 6204.69.9000
A8: 05 | B8: 26STP06 | C8: WOMEN'S BLOUSE | D8: COTTON 70% , POLYESTER 30% | E8: PCE | F8: 6206.30.0000
A9: 390 | B9: 26SBT12 | C9: WOMEN'S PANTS | D9: COTTON 43% , POLYESTER 44% , NYLON 13% | E9: PCE | F9: 6204.63.0000
A10: 366 | B10: VB65BLM192Z | C10: WOMEN'S BLOUSE | D10: POLYESTER 100% | E10: PCE | F10: 6206.40.1000
A11: 367 | B11: LB65BLM192Z | C11: WOMEN'S BLOUSE | D11: POLYESTER 100% | E11: PCE | F11: 6206.40.1000
A12: 368 | B12: VB65SKM192Z | C12: WOMEN'S SKIRT | D12: POLYESTER 100% | E12: PCE | F12: 6204.53.0000
A13: 01 | B13: BF6421C33 | C13: WOMEN'S PANTS | D13: POLYESTER 91% , POLYURETHANE 9% | E13: PCE | F13: 6204.63.0000
A14: 02 | B14: MB66SLM131Z | C14: WOMEN'S PANTS | D14: RAYON 67% , NYLON 30% , POLYESTER 3% | E14: PCE | F14: 6204.69.9000
A15: 03 | B15: MB66SLM127Z | C15: WOMEN'S PANTS | D15: POLYESTER 100% | E15: PCE | F15: 6204.63.0000
A16: 04 | B16: MB66BLM127Z | C16: WOMEN'S BLOUSE | D16: POLYESTER 100% | E16: PCE | F16: 6206.40.1000
A17: 05 | B17: LB66SLM101A | C17: WOMEN'S PANTS | D17: RAYON 64% , NYLON 36% | E17: PCE | F17: 6204.69.9000
A18: 06 | B18: LB66OPM101Z | C18: WOMEN'S DRESS | D18: NYLON 51% , COTTON 49% | E18: PCE | F18: 6204.43.0000
A19: 07 | B19: BF6525C32 | C19: WOMEN'S PANTS | D19: COTTON 100% | E19: PCE | F19: 6204.62.9000
A20: 08 | B20: 26SBT27 | C20: WOMEN'S PANTS | D20: COTTON 100% | E20: PCE | F20: 6204.62.9000
A21: 09 | B21: 26STP19 | C21: WOMEN'S BLOUSE | D21: COTTON 65% , NYLON 35% | E21: PCE | F21: 6206.30.0000
... A23: 11 | B23: 26STP21 | C23: WOMEN'S BLOUSE | D23: COTTON 100% | E23: PCE | F23: 6206.30.0000
A24: 438 | B24: BF6725C22 | C24: WOMEN'S PANTS | D24: COTTON 70% , NYLON 30% | E24: PCE | F24: 6204.62.9000 | G24: 26 | H24: quần sooc | I24: pk đăng ký nhầm
A25: 439 | B25: BF6727C23 | C25: WOMEN'S SKIRT | D25: COTTON 71% , NYLON 29% | E25: PCE | F25: 6204.52.0000 | G25: 27
A26: 425 | B26: MB68SLM107A | C26: WOMEN'S PANTS | D26: POLYESTER 100% | E26: PCE | F26: 6204.63.0000 | G26: 14
A27: 424 | B27: MB68SLM101A | C27: WOMEN'S PANTS | D27: POLYESTER 96% , POLYURETHANE 4% | E27: PCE | F27: 6204.63.0000 | G27: 13
A28: 431 | B28: LB68SLM101A | C28: WOMEN'S PANTS | D28: POLYESTER 100% | E28: PCE | F28: 6204.63.0000 | G28: 20
A29: 430 | B29: LB68SLM102Z | C29: WOMEN'S PANTS | D29: POLYESTER 97% , POLYURETHANE 3% | E29: PCE | F29: 6204.63.0000 | G29: 19
A30: 429 | B30: LB68SKM101Z | C30: WOMEN'S SKIRT | D30: POLYESTER 97% , POLYURETHANE 3% | E30: PCE | F30: 6204.53.0000 | G30: 18
A31: 427 | B31: MB68SKM102Z | C31: WOMEN'S SKIRT | D31: POLYESTER 91% , RAYON 5% , POLYURETHANE 4% | E31: PCE | F31: 6204.53.0000 | G31: 16
A32: 428 | B32: BF6625C38 | C32: WOMEN'S PANTS | D32: POLYESTER 100% | E32: PCE | F32: 6204.63.0000 | G32: đky 26.05
A33: 428 | B33: MB68SKM103Z | C33: WOMEN'S SKIRT | D33: POLYESTER 74% , RAYON 22% , POLYURETHANE 4% | E33: PCE | F33: 6204.53.0000 | G33: 17
A34: 426 | B34: MB68SKM101Z | C34: WOMEN'S SKIRT | D34: POLYESTER 91% , RAYON 5% , POLYURETHANE 4% | E34: PCE | F34: 6204.53.0000 | G34: 15
